Code;Msoa_name;education_no_qualifications;lone_parent_unemployed;limited_activity_fam_member;families_with_3plus_kids;health_life_expectancy_at_birth;child_poverty;overcrowded_houses;self_harm_hospital_admission
E02000166;Camden 001;13,2;49,4;8,266027259;16,18303571;66,849155;15,4;18,2;66,4
E02000167;Camden 002;5,5;31,9;4,796072508;15,71753986;73,177125;3,1;15,8;40,5
E02000168;Camden 003;12,4;47,7;7,04845815;15,27777778;63,777225;14,1;27,3;32,3
E02000169;Camden 004;6,7;38,4;4,321068482;20,75919336;74,219795;3,6;13,4;17,6
E02000170;Camden 005;7,6;37,3;4,59342768;12,03369434;68,183395;11,4;28,9;46,5
E02000171;Camden 006;10,1;53,3;6,689690458;16,37831603;67,33497;14,6;24,5;29
E02000172;Camden 007;22,3;60,8;10,43658224;20,94370861;56,82852;29,6;37,3;42,6
E02000173;Camden 008;6;44;4,872964169;15,09433962;70,755575;5,7;28,9;25,3
E02000174;Camden 009;14,5;50,8;8,010098692;17,34693878;59,791555;23;35,4;30,5
E02000175;Camden 010;8,6;48,1;6,11437613;13,18537859;61,17273;16,4;31,7;30,2
E02000176;Camden 011;5,4;31,9;4,299388043;11,28205128;71,694165;3,1;26,1;45
E02000177;Camden 012;19,1;59,3;9,286991506;22,13279678;58,54713;28;32,8;39,5
E02000178;Camden 013;14,4;50,9;8,79530315;18,08118081;57,02905;28,5;35,8;32,8
E02000179;Camden 014;11,6;58,7;6,399115184;18,90166028;67,904165;17,9;29,4;27,1
E02000180;Camden 015;13,4;45,9;6,742257986;20,52631579;61,401425;23,8;35,1;34,7
E02000181;Camden 016;6,5;59;4,94291645;11,25356125;66,92969;14,4;22,3;25,1
E02000182;Camden 017;11,9;59,5;6,510377781;19,33774834;67,805695;14,6;24,6;24,9
E02000183;Camden 018;11,4;53,3;6,874763048;19,37984496;66,58733;14,9;31,3;47,2
E02000184;Camden 019;17,3;54,4;8,275163252;21,67755991;57,348295;32,1;37,7;36,5
E02000185;Camden 020;18,6;57,6;9,806996381;21,74381055;59,11793;28,5;38,9;31,8
E02000186;Camden 021;12,6;51,6;7,163152385;16,95906433;66,63469;21,7;39,4;38,9
E02000187;Camden 022;25,4;58,3;10,57020233;26,54508612;54,41354;30,7;37,8;35,3
E02000188;Camden 023;20;46,3;7,750540735;27,10059172;55,60379;28;41,1;29,3
E02000189;Camden 024;15,4;42,2;6,544414536;40,98073555;57,95473;20,9;47,6;22,1
E02000190;Camden 025;11,8;36,9;7,436918991;25,88726514;58,445725;20,8;43,8;28,2
E02000191;Camden 026;5,8;28,7;4,201680672;26,4084507;62,974725;13,7;46,4;22,9
E02000192;Camden 027;16;58,3;8,020120162;22,09302326;59,723515;25,1;38,2;34,8
E02000193;Camden 028;8,3;45,5;5,714285714;14,16893733;63,48457;17,4;43,8;28,9
E02000001;City of London 001;6,7;24,2;4,447457627;8,816705336;70,7988;7,1;34,6;19,2
E02000345;Hackney 001;32;45,8;4,989816701;44,85106383;63,879755;10,9;30,6;27,7
E02000346;Hackney 002;27,6;55,3;10,8338805;20,72409488;53,212955;40,6;33,3;61
E02000347;Hackney 003;28,6;51,5;6,347410759;38,53028798;59,992915;15;28,7;25,7
E02000348;Hackney 004;31,1;51,3;7,216748768;35,60477002;58,941335;18,6;27,7;27,2
E02000350;Hackney 006;16,6;40,6;5,251525995;24,18111753;61,3495;15,8;31,1;34,1
E02000351;Hackney 007;11,2;53,3;5,690484571;17,42209632;57,15228;26,8;32,7;32,5
E02000352;Hackney 008;18,9;44,5;8,455615284;24,6737841;58,94463;15,2;25,8;53,6
E02000353;Hackney 009;12,4;42,2;5,599794503;14,38848921;61,555165;13;27,9;33,5
E02000354;Hackney 010;21;55,5;8,798147758;21,29471891;54,661405;27,7;32,4;34,5
E02000355;Hackney 011;17,5;47,3;7,90807307;20,42410714;58,544015;18,2;29;33,6
E02000356;Hackney 012;11,8;38,9;5,077593248;14,38935913;63,328925;15,6;27;42,7
E02000357;Hackney 013;27,6;53,5;10,12778041;26,28968254;56,408575;32,9;30,1;59,8
E02000358;Hackney 014;17;54,5;7,650569723;15,73994867;57,1721;30,4;31;42,8
E02000359;Hackney 015;19,7;54,5;7,628020058;25;58,98009;20,6;23,3;31,4
E02000360;Hackney 016;20,6;51;8,120793482;20,02635046;57,15346;32,8;33,5;55,9
E02000361;Hackney 017;16,1;51,1;6,583769634;17,47815231;58,53365;25,8;37,1;20,5
E02000362;Hackney 018;22,3;57;9,963853528;25;57,440815;35;28;53
E02000363;Hackney 019;26,2;57,2;8,520055325;22,39170226;55,24609;36,8;32,4;44,7
E02000364;Hackney 020;14,5;47,1;6,85688508;16,468039;58,382215;22,7;29,1;38,5
E02000365;Hackney 021;14,6;53;6,988404889;16,93171188;59,93526;27,6;34,3;31,5
E02000366;Hackney 022;22,6;52,6;8,938219403;21,1026616;57,683125;23,5;25,1;80
E02000367;Hackney 023;12,9;48,3;5,471717483;17,32495512;60,52893;25,5;35,7;51,3
E02000368;Hackney 024;22,8;58,4;9,059704597;22,46998285;56,034635;32,9;33,8;45,9
E02000369;Hackney 025;19,6;56,4;8,107641884;18,08590806;56,75525;29,8;34,6;31,9
E02000370;Hackney 026;20,6;53,2;7,842428623;17,20542231;56,69124;31,9;36,7;38,2
E02000371;Hackney 027;11,9;48,9;4,802328402;18,05128205;60,135985;31,2;42,6;19,7
E02006918;Hackney 028;21;51,2;7,370910524;25,39130435;56,759155;29;38,7;49,9
E02006921;Hackney 029;31,1;52,4;7,889979339;29,65217391;56,005005;22;30,6;30
E02000372;Hammersmith and Fulham 0;23;54;8,207084469;24,23112768;58,17657;24,5;37,1;65
E02000373;Hammersmith and Fulham 0;25,7;55,4;8,486031841;24,0776699;59,921415;34,5;36,4;32,2
E02000374;Hammersmith and Fulham 0;17,6;53,8;8,082008617;21,14882507;61,67841;27,4;25;22,9
E02000375;Hammersmith and Fulham 0;15,1;52,3;7,598178714;17,6217765;57,566975;25,3;34,8;52,6
E02000376;Hammersmith and Fulham 0;13,3;46,1;6,811279826;12,77258567;58,33818;25,7;34,5;63,5
E02000377;Hammersmith and Fulham 0;14,4;47,8;7,087770841;16,44815256;60,89533;19,8;31;58
E02000378;Hammersmith and Fulham 0;9,4;46,9;5,861646771;16,36363636;62,775455;19,7;33,2;30,8
E02000379;Hammersmith and Fulham 0;11;50;7,162643451;19,20374707;60,74867;16,1;27,9;43,5
E02000380;Hammersmith and Fulham 0;10,5;46,6;5,150946614;14,89698891;65,149735;11,7;22,6;55,7
E02000381;Hammersmith and Fulham 0;9,5;42;5,200823893;16,94711538;64,71665;13,6;29,4;56,3
E02000382;Hammersmith and Fulham 0;9,9;54,5;5,837522296;16,47058824;66,35356;13,7;28,1;32,8
E02000383;Hammersmith and Fulham 0;9,1;41,9;5,682782019;15,2758133;62,88926;15,7;30,9;21,2
E02000384;Hammersmith and Fulham 0;17,4;51;9,590163934;20,25677603;60,19508;29,2;29,4;65,5
E02000385;Hammersmith and Fulham 0;6,7;47,7;3,76501136;8,547008547;63,693415;14;28,7;30,6
E02000386;Hammersmith and Fulham 0;17,1;49,2;7,890855457;19,27846674;57,837215;33,4;33,7;44,9
E02000387;Hammersmith and Fulham 0;14;51,9;6,855867347;13,30998249;57,629485;20,2;35;24,1
E02000388;Hammersmith and Fulham 0;12,8;47,4;6,425262131;14,13043478;65,087265;14;26,1;41,9
E02000389;Hammersmith and Fulham 0;10,7;35,9;4,966686856;15,18661519;70,220605;6,4;17,9;18,7
E02000390;Hammersmith and Fulham 0;12,5;48;6,436104218;16,80261011;61,979735;14;23,2;43,8
E02000391;Hammersmith and Fulham 0;10,9;55,8;5,304696597;20;66,203415;8,5;19,8;34,6
E02000392;Hammersmith and Fulham 0;9,9;54,1;5,011484652;18,62269641;63,786255;14,6;24,2;25,3
E02000393;Hammersmith and Fulham 0;8;48,7;3,896534571;14,2599278;68,296355;5,9;13,8;18,8
E02000394;Hammersmith and Fulham 0;12,4;44,3;5,828497743;13,62048894;64,766015;21,5;26;17
E02000395;Hammersmith and Fulham 0;6,3;48,6;4,066543438;21,42857143;70,52056;5,4;14,9;24
E02000396;Hammersmith and Fulham 0;11,7;52,9;4,854515302;19,6801968;65,203225;19,1;20,7;35,7
E02000397;Haringey 001;17;46;6,705054383;12,7388535;61,08146;16,9;35,2;31,5
E02000398;Haringey 002;28,2;57,4;7,875894988;23,80090498;53,71007;33,1;35,3;49,2
E02000400;Haringey 004;16,4;46,5;6,468440271;18,60019175;60,39243;17,2;24,6;40,4
E02000401;Haringey 005;30,5;51,5;9,622809623;24,6728972;57,20399;30,6;26,2;28,1
E02000402;Haringey 006;29,5;54;9,018963715;23,58402971;57,850215;31,3;30,9;23
E02000403;Haringey 007;16,6;50,2;6,500902903;14,82444733;58,569435;19,5;32,8;18,8
E02000404;Haringey 008;23,5;59,1;8,174982912;25;58,94853;24,5;31,2;27,1
E02000405;Haringey 009;7,7;39,6;4,398289554;18,11111111;67,867785;6,5;10,5;42
E02000406;Haringey 010;21;58,2;8,953736655;18,54304636;57,43439;23,8;27,8;37
E02000407;Haringey 011;24,6;47;8,123632385;16,32841328;56,791265;28,4;35,8;22,3
E02000408;Haringey 012;26,9;50,1;7,764056752;20,31114952;59,568685;29,7;33,5;25,8
E02000409;Haringey 013;27;49,2;8,564424697;20,30401737;57,36951;29,8;33,4;32,2
E02000410;Haringey 014;7,2;26;4,153593306;17,47815231;68,9969;4,8;17,4;46,1
E02000411;Haringey 015;22,5;49,5;6,682769726;22,04568024;56,304445;28,8;30,8;30,1
E02000412;Haringey 016;20,5;49,9;8,432166618;14,44174757;55,478505;27,8;38,2;38,2
E02000413;Haringey 017;10;36,5;5,386666667;20,43314501;66,717745;10,3;17;54,8
E02000414;Haringey 018;20,5;45;6,777297448;20,27600849;60,015305;23,9;26,6;39,7
E02000415;Haringey 019;21,2;51,9;7,888970051;19,91465149;59,61478;23,6;29,7;32,1
E02000416;Haringey 020;16,1;52,2;7,623497997;17,09786277;59,22033;24,8;33,1;72,4
E02000417;Haringey 021;7,7;31,3;4,988016777;14,62140992;69,571255;6,7;20,3;54,7
E02000418;Haringey 022;9,7;37,3;4,810310401;13,45609065;70,324965;5,1;10,4;53,1
E02000419;Haringey 023;15,6;48,6;6,031080414;15,24163569;59,209085;19,4;35,1;50,3
E02000420;Haringey 024;22,8;47,2;8,127018299;19,95708155;56,860875;27,5;35,5;32,3
E02000421;Haringey 025;22,6;51,6;8,701734751;18,5492228;56,338765;35;35,9;37,1
E02000422;Haringey 026;23;44,7;8,600638978;22,6640159;57,06846;24,1;35,1;26,1
E02000423;Haringey 027;17,7;44,9;6,839864964;17,56097561;58,80167;20,5;30,8;32,3
E02000424;Haringey 028;10,5;40,1;5,223673243;12,47139588;63,083205;14,1;22,2;45,5
E02000425;Haringey 029;28,8;49,1;5,374862183;48,72611465;59,741015;8,9;30,1;40,9
E02000426;Haringey 030;9,3;42,7;5,957510028;15,53133515;69,350695;9,9;16,7;24,7
E02000427;Haringey 031;12,6;46,8;5,515027721;11,49253731;62,609545;19,4;34,3;34,8
E02000428;Haringey 032;23;55;8,245514099;21,19565217;57,21419;28,3;32,6;37,2
E02000429;Haringey 033;6;23,6;3,9696439;12,00527704;70,925885;6,8;17,9;38,5
E02000430;Haringey 034;7,3;30,1;3,815558851;15,22346369;63,87665;9,3;23,3;24
E02000431;Haringey 035;4,4;35,8;3,320867614;11,66936791;72,52807;5,5;25,3;37,4
E02000432;Haringey 036;10,4;46,6;5,779361636;16,32;59,814005;19;28,1;53,9
E02006794;Haringey 037;30,1;58,7;8,335614563;23,10374891;56,975855;29,2;38,1;24,8
E02000554;Islington 001;19,3;56,9;9,878022217;15,39108495;54,657375;30,7;26,9;78
E02000555;Islington 002;17;57,6;8,056972789;17,89375582;61,28925;27,2;23,1;56,7
E02000556;Islington 003;15,6;49,4;8,623101519;14,25837321;58,679655;25,6;31;37,6
E02000557;Islington 004;18,8;54,5;9,724273757;14,11764706;58,87322;28,9;27,4;52,7
E02000558;Islington 005;27,5;57,9;11,90529876;22,91491154;54,56579;32,3;33,5;52,1
E02000559;Islington 006;11,4;51;5,969469127;16,02787456;61,208815;15,9;30,1;32,1
E02000560;Islington 007;14,6;51,8;7,15093273;17,35074627;58,370845;24,3;35,6;38,5
E02000561;Islington 008;10,4;47,7;5,280144591;15,82278481;64,395615;10,1;23,6;45,4
E02000562;Islington 009;16,9;51,5;8,142172927;19,95438997;60,3123;22,5;24,6;44,7
E02000563;Islington 010;21,8;57,1;10,11077068;21,50289017;60,145575;31,5;30,3;40,3
E02000564;Islington 011;13,7;54,8;6,321510297;15,20086862;60,44014;31;39,1;33,3
E02000565;Islington 012;18,9;60,8;8,183705875;19,57186544;57,533365;31,3;28,4;25,9
E02000566;Islington 013;11,6;47,2;6,099951004;15,80246914;64,86994;17,9;23,1;37,9
E02000567;Islington 014;16,8;61,2;8,109673682;14,31226766;59,41042;26,9;27,5;49,8
E02000568;Islington 015;23,9;60,7;10,24415584;21,60427807;54,10731;35,7;34,7;52
E02000569;Islington 016;19;57,6;8,750748354;15,43985637;59,7672;32,8;20,6;42,1
E02000570;Islington 017;9,8;47,2;5,142193848;15,66878981;63,999715;15,8;26,2;35,1
E02000571;Islington 018;22,1;63,4;9,924044328;15,02293578;57,493815;34,4;26;58,2
E02000572;Islington 019;25,3;56,6;9,998833275;19,91786448;55,74435;36,1;30,1;47,5
E02000573;Islington 020;11,8;52,6;6,571362693;14,84149856;64,605275;21,1;25;30,8
E02000574;Islington 021;14,8;59,6;7,540289378;15,4340836;61,817065;22,8;31,6;35,5
E02000575;Islington 022;12,8;57,5;5,803684078;14,64585834;64,234545;31,4;35,4;28,9
E02000576;Islington 023;19,7;57,8;7,381763954;19,10229645;57,634795;33,6;31,4;32,3
E02000577;Kensington and Chelsea 0;24,9;57;11,07098208;19,48331539;53,751875;37,7;38,5;47,8
E02000578;Kensington and Chelsea 0;26;54,9;12,29734391;19,11949686;55,5475;35,6;29,3;71,7
E02000579;Kensington and Chelsea 0;15,5;52,4;8,588672238;17,83181358;62,30695;20,9;30,2;40,4
E02000580;Kensington and Chelsea 0;14,2;50,1;8,249566724;13,32518337;60,77237;24;33,9;26,1
E02000581;Kensington and Chelsea 0;24,9;57,3;11,38668128;20,15418502;56,949255;34;33,2;46,9
E02000582;Kensington and Chelsea 0;6,2;49,6;4,386995691;17,85150079;70,51443;6,9;31,4;24,5
E02000583;Kensington and Chelsea 0;7,5;44,4;3,875119814;19,7875166;72,36545;6,8;23,4;33,1
E02000584;Kensington and Chelsea 0;4,5;49,4;3,28931279;15,93830334;72,28618;2,4;20,2;25,5
E02000585;Kensington and Chelsea 0;7,2;65,3;4,842557252;19,19642857;69,29169;7,1;24,3;21,8
E02000586;Kensington and Chelsea 0;4,1;42,3;2,304028833;17,09286676;74,509295;1,8;19,5;10,2
E02000587;Kensington and Chelsea 0;5,5;54,7;3,788382294;19,37669377;75,65063;3,4;21;19,1
E02000588;Kensington and Chelsea 0;5;40,8;2,316460351;16,98717949;76,7753;0,9;18,9;15
E02000589;Kensington and Chelsea 0;5,3;47,3;3,908100426;15,44342508;69,72339;3,7;35;20,8
E02000590;Kensington and Chelsea 0;12,4;53,8;6,942266572;15,57788945;67,220885;14,8;32;37,8
E02000591;Kensington and Chelsea 0;9,6;43,8;6,825232678;16,66666667;62,927435;17,6;40;48,3
E02000592;Kensington and Chelsea 0;3,6;44,4;2,529211655;17,75862069;76,81442;1,3;25;19,9
E02000593;Kensington and Chelsea 0;6,2;46,4;4,905561385;16,77018634;67,82392;6,3;31;27,3
E02000594;Kensington and Chelsea 0;9;49,5;5,639823497;16,4644714;71,613065;4,3;17,6;25,2
E02000595;Kensington and Chelsea 0;7,1;49,5;5,319874506;16,7721519;72,36041;5,5;21,3;31,4
E02000596;Kensington and Chelsea 0;4,8;42,3;3,765098946;17,10730949;72,34977;5;19,4;24,9
E02000597;Kensington and Chelsea 0;16,6;54,9;9,453015428;18,13403417;59,98651;23,9;25,7;40,4
E02000619;Lambeth 002;20,2;49,2;7,67320586;18,77777778;59,377235;27,3;27,8;58,3
E02000620;Lambeth 003;13,9;45;6,06189968;16,52173913;62,453005;26,6;31,2;70,2
E02000621;Lambeth 004;11,9;52,8;6,107968166;18,85245902;62,133655;26,3;32,7;49,7
E02000622;Lambeth 005;12,9;47,4;5,448480356;18,09651475;60,611865;23,6;28,9;26
E02000623;Lambeth 006;19,1;48,3;6,683354193;16,2055336;59,77059;28,4;28,7;49,9
E02000624;Lambeth 007;15,2;44,3;7,046138415;17,21132898;57,40173;30,6;29,7;32,9
E02000625;Lambeth 008;19,1;50,3;6,554239923;20,68965517;60,805945;32,3;34,1;85,1
E02000626;Lambeth 009;20,3;52,1;7,1075774;20,34739454;56,57068;29,7;34,7;41,2
E02000627;Lambeth 010;13,3;49,8;5,662940132;16,42411642;61,060365;28,1;31,4;33,7
E02000628;Lambeth 011;20,8;51;7,532627685;23,37349398;56,88882;32,8;33,7;36,1
E02000629;Lambeth 012;10,4;47,3;5,125650393;16,83673469;64,056125;20,4;26,6;36,4
E02000630;Lambeth 013;9,1;48,2;4,927057528;18,37060703;63,29765;15,5;24,5;42,2
E02000631;Lambeth 014;11,9;43,2;5,55932971;16,12284069;62,783015;19,1;20,9;37,7
E02000632;Lambeth 015;8,2;49,8;4,434636402;16;60,279075;23,2;25,2;17,9
E02000633;Lambeth 016;14,9;50,8;6,734552187;18,61702128;58,48533;27,4;28,5;27
E02000634;Lambeth 017;14,6;55,9;7,814782355;20,03154574;61,82222;26,1;29,4;30,8
E02000635;Lambeth 018;11,8;44,6;5,918969095;16,03498542;62,78148;21,9;25,4;46,2
E02000636;Lambeth 019;6,1;51,5;3,390496138;19,66145833;68,17411;9,7;16,6;26
E02000637;Lambeth 020;10,1;47,3;4,984459537;13,87137453;62,07835;18,7;27,9;40,3
E02000638;Lambeth 021;16,5;42,4;6,647807638;15,78014184;58,684335;24,6;28;37,1
E02000639;Lambeth 022;17,3;50,7;6,146077103;18,85175664;63,522325;25,1;31,4;27,5
E02000640;Lambeth 023;10,8;45,5;5,414885454;15,24201854;64,330085;16,4;13,4;25,7
E02000641;Lambeth 024;19,4;48,8;7,529331359;20,49364248;60,79399;31,1;31,1;44,1
E02000642;Lambeth 025;13,7;47,3;6,013710012;16,31372549;62,75024;17,8;20,2;40
E02000643;Lambeth 026;13;42,8;6,153662325;16,08961303;59,737185;19,7;24,5;42,5
E02000644;Lambeth 027;12,8;38,3;5,452436195;13,45646438;64,50459;16,2;22,8;35,5
E02000645;Lambeth 028;12,1;42,7;5,199556541;14,37648928;64,49004;18,4;22,1;36,3
E02000646;Lambeth 029;12,3;42,1;5,558601031;14,46188341;63,42914;16,1;23,3;36,4
E02000647;Lambeth 030;14,1;44,1;6,707532712;16,20658949;64,71471;13,9;17,6;20,8
E02000648;Lambeth 031;23,3;50,9;9,305609036;17,77084957;58,09268;27,9;25,3;57
E02000649;Lambeth 032;12,6;45,3;5,330471335;14,20074349;60,08387;18,9;31,1;29,2
E02000650;Lambeth 033;18,1;46,1;6,896551724;16,40776699;61,697575;27,1;20,8;61
E02000651;Lambeth 034;15;41,5;6,250727506;13,58249772;64,00285;15,7;24,1;34,9
E02000652;Lambeth 035;18,4;42,5;6,940105935;23,2049948;61,957795;20,1;17,2;35
E02006801;Lambeth 036;13;44,9;5,667615394;15,02683363;62,30358;22,4;25,8;39,6
E02000653;Lewisham 001;16,6;49,8;5,922284644;20,94474153;60,450815;32,3;32,1;35,7
E02000654;Lewisham 002;21,8;52,1;7,246556645;21,32780083;56,396365;32,6;36,2;39,1
E02000655;Lewisham 003;17;46,5;6,176900585;18,50802644;57,642635;27,4;34,6;51,8
E02000657;Lewisham 005;12,3;40,1;5,606961886;15,24861878;61,092035;22,7;31,7;32,6
E02000658;Lewisham 006;14,3;47;6,314649988;15,46723953;61,80102;21,6;27,3;34,9
E02000659;Lewisham 007;14,3;41,6;6,625958166;14,62217861;66,12845;18,6;18,3;29,8
E02000660;Lewisham 008;11,2;39;4,840307007;12,10340776;62,95035;18,8;31;36,6
E02000661;Lewisham 009;11,9;38;5,944497004;11,55015198;67,658335;16;18,2;33,9
E02000662;Lewisham 010;14,5;36,3;6;15,51724138;59,854195;23,1;23,8;37,5
E02000663;Lewisham 011;11,3;36,2;5,240478176;14,30429129;63,02562;21,7;21,2;76,5
E02000664;Lewisham 012;17,4;52,4;8,138597905;12,36947791;58,26071;26,9;30,8;60,9
E02000665;Lewisham 013;15,2;39,1;6,606872158;12,83095723;61,05943;17,7;19,7;39,8
E02000666;Lewisham 014;14,3;41;6,693074717;13,81048387;63,668225;19,2;19,4;56,5
E02000667;Lewisham 015;14,8;32,8;5,509641873;10,51401869;63,70635;9,9;12,4;40,8
E02000668;Lewisham 016;13,9;41,4;6,594562115;12,13808463;63,966935;15,2;11,5;20
E02000669;Lewisham 017;14,3;47,2;6,278265496;14,04072883;59,86588;21,2;26,1;28,5
E02000670;Lewisham 018;18,9;49,6;7,738186267;16,17795753;58,202495;26,9;23,3;52,8
E02000671;Lewisham 019;15,6;43,3;6,807092705;12,31481481;61,694175;16,9;17,1;32,1
E02000672;Lewisham 020;17,2;43,6;8,236838964;16,54991243;60,07598;19,8;26,2;80,4
E02000673;Lewisham 021;11,2;37,3;4,521044086;17,9090029;66,057255;12,9;17,4;34,5
E02000674;Lewisham 022;17,5;38,6;7,036805989;19,29666366;64,67768;19,3;13,2;73,2
E02000675;Lewisham 023;19,3;38,1;6,862506095;12,75229358;64,26391;16,7;12,2;42,6
E02000676;Lewisham 024;15;46,4;6,391806042;13,67521368;64,948715;18,5;18;35,5
E02000677;Lewisham 025;17,1;33,3;6,987081539;17,07589286;64,354675;16;18,7;45
E02000678;Lewisham 026;26,4;43;8,575653031;17,8;57,659365;26,2;17,7;67,5
E02000679;Lewisham 027;17,4;48,3;6,944971537;14,61397059;62,34107;25,1;22,1;39,6
E02000680;Lewisham 028;17,1;43,9;7,492332408;13,7295082;62,13143;22,1;24;53
E02000681;Lewisham 029;25,1;44;9,105510255;19,96542783;60,819995;26,5;17,3;71,9
E02000682;Lewisham 030;25,5;46,4;8,429306543;19,62025316;61,62588;29,1;17;65
E02000683;Lewisham 031;26,9;54,2;10,22656735;16,52452026;59,94837;25,7;16,5;45,3
E02000685;Lewisham 033;19,4;44,1;8,464643834;14,75095785;61,71716;22,3;20,1;44,6
E02000686;Lewisham 034;25,8;48,4;8,561592576;17,99462847;57,117595;30,8;20,7;64,3
E02000687;Lewisham 035;18,1;36,7;7,734039869;13,50826045;61,814275;22,2;17,6;44,7
E02006783;Lewisham 037;30,1;50,7;9,031631521;18,64820847;57,616955;30,9;17,4;68,1
E02006784;Lewisham 038;30,2;47,1;10,15083571;19,98060136;59,11666;24,8;17,5;41,3
E02006798;Lewisham 039;18,9;47,7;6,690514043;18,01896733;55,460975;31,8;35,6;40,5
E02000714;Newham 001;18,5;47,3;6,356817902;21,80312787;58,223765;19,7;34,3;53,1
E02000715;Newham 002;22,9;59;8,088334914;31,23209169;56,93329;18,1;34,8;32,9
E02000716;Newham 003;21;45,9;7,900462333;24,18367347;57,90849;19,4;31,8;36,7
E02000717;Newham 004;21,6;53,8;7,381804715;27,44014733;57,69784;17,3;38,3;34,9
E02000718;Newham 005;23,6;54,8;7,817066043;29,77941176;55,715525;22,4;34,3;34
E02000719;Newham 006;17,3;38,7;6,682083739;21,9047619;57,47461;19,6;37;48,4
E02000720;Newham 007;18,9;42,8;6,574903114;25,25366404;58,327865;15,6;30,4;45,1
E02000721;Newham 008;21,3;51,8;7,232281428;26,44770959;60,411305;21,9;39,9;41,9
E02000722;Newham 009;16,3;44,8;6,710430343;19,18542337;59,255435;20,8;34,7;46,8
E02000723;Newham 010;19,2;50,3;7,188679245;27,7866242;58,68643;15,4;37,2;22,9
E02000724;Newham 011;21,5;61,6;6,903876792;31,33561644;57,54445;17,2;36,6;24,1
E02000725;Newham 012;14,3;41,6;6,038756196;16,8618267;56,3453;25,4;39,3;35,3
E02000726;Newham 013;13,6;46,5;5,499325236;18,28316611;57,83462;25,9;42,2;26,3
E02000727;Newham 014;19,4;54,4;6,465984347;28,96622313;57,82312;16;42,1;25
E02000728;Newham 015;18,1;50,3;6,405737207;25,57286893;58,25652;13,8;35,9;34,8
E02000729;Newham 016;20,6;45,9;6,779661017;23,13953488;57,22936;15,8;31,4;46,6
E02000730;Newham 017;21,1;60,4;7,528914591;26,63414634;57,49044;14,9;37,6;38,3
E02000731;Newham 018;18,4;57,5;6,214633178;26,22814321;59,49624;16,9;41,3;34,2
E02000732;Newham 019;24,6;61,7;7,718741739;28,58508604;56,65096;22,9;39;47
E02000733;Newham 020;22,1;50,6;7,002255485;27,99043062;58,05426;24,4;33,9;46,9
E02000734;Newham 021;21,9;49,3;7,118555352;27,13026445;56,507065;22,9;35,1;32,4
E02000735;Newham 022;22,5;61;7,64969665;26,07329843;57,208835;19,1;34,3;34,2
E02000736;Newham 023;23,6;52,7;7,467040019;27,93553338;58,39804;19,2;32,4;40,3
E02000737;Newham 024;22,1;45,2;7,494170023;27,6534296;60,48518;17,3;28,1;34,1
E02000738;Newham 025;20,3;51,1;5,692689264;29,64254577;59,391865;14;28,5;30,9
E02000739;Newham 026;21,5;48;7,484769365;22,02835333;58,52601;18,8;35,5;37,6
E02000740;Newham 027;22,3;51,6;7,405222009;21,99349946;58,198785;24,4;33,6;39,5
E02000741;Newham 028;22,2;50,9;6,81515555;24,54394693;60,16577;18,5;31,7;55
E02000742;Newham 029;23,8;50,7;7,282948157;27,08333333;58,54337;20,5;30,6;43
E02000743;Newham 030;27,3;52;8,860920417;24,45255474;55,694685;28,5;36,1;36,9
E02000744;Newham 031;26;49;7,69709802;21,11959288;57,545955;22,8;31,6;47
E02000745;Newham 032;22,1;42,7;6,633091758;20,41322314;60,20819;23;31,6;46,7
E02000746;Newham 033;19,6;44,3;7,748577621;17,34795613;55,755215;20,4;31,2;79,6
E02000747;Newham 034;20,9;52;7,289122675;24,55985915;56,826895;26,9;42,1;29,3
E02000748;Newham 035;17,4;40,1;6,121794872;14,05919662;57,429825;15,2;29,9;31,8
E02000749;Newham 036;28,9;46,5;9,104240499;23,72204473;55,203975;27,4;29,6;38,4
E02000750;Newham 037;14,1;46,7;4,167056841;18,96678967;59,93785;21,8;31,4;44
E02000807;Southwark 001;10;41,7;4,065920847;8,947368421;63,60121;14,6;21,1;32,7
E02000808;Southwark 002;10,8;47,8;5,174686882;15,05016722;62,540815;27,7;35,3;67,8
E02000809;Southwark 003;6,4;49,3;2,843480488;10,82802548;68,66965;22,7;30,2;32
E02000810;Southwark 004;19,8;52,7;7,163167104;16,85499058;61,265555;30,4;32,9;59,7
E02000812;Southwark 006;14,4;44,4;7,045675413;16,51560926;59,289605;30,5;36;51,3
E02000813;Southwark 007;20,7;51,4;7,449656617;18,21705426;59,39983;30,5;31,3;59,2
E02000814;Southwark 008;10,8;39,5;4,623208507;11,27717391;63,19462;20,5;25,6;28,8
E02000815;Southwark 009;9,6;40,6;4,355856549;17,67955801;60,56674;26,5;37,1;47,7
E02000816;Southwark 010;23,8;49,7;7,751852261;15,59714795;59,255625;28,7;29,2;75,9
E02000817;Southwark 011;29,9;52,6;10,53279951;15,38461538;54,95429;31,9;28,1;90,2
E02000818;Southwark 012;21,4;40;8,12317494;18,56060606;61,01589;28,5;32,4;84,5
E02000819;Southwark 013;20,9;48,3;7,829224293;19,3236715;59,422255;28,1;34,3;74,9
E02000820;Southwark 014;17;45,4;7,021051394;19,39799331;60,67239;26,1;34,8;88
E02000821;Southwark 015;22,6;43,7;7,357500596;22,13868003;56,97169;35,7;34,5;51
E02000822;Southwark 016;21,7;45,9;6,645296511;19,84126984;60,19939;29,8;36,5;41,3
E02000823;Southwark 017;19,2;44,1;6,789085736;19,02113459;60,40415;28,4;30,1;30,3
E02000824;Southwark 018;22;47,7;7,096571906;25,61750176;61,162975;29,5;35,9;38,6
E02000825;Southwark 019;19,6;46;7,109545031;21,05943152;59,0226;28,9;43,2;32,1
E02000826;Southwark 020;17,8;38,2;6,660666067;20,44247788;59,93548;26,8;33,5;38,5
E02000827;Southwark 021;19;37,1;7,269041413;19,44240646;61,77924;23,3;36,6;54,8
E02000828;Southwark 022;20,4;50,6;7,300489085;20,39586919;58,13981;28,9;36,1;37,8
E02000829;Southwark 023;20,4;43,9;8,903648089;16,18969747;57,679615;29,2;33;47,1
E02000830;Southwark 024;11,6;44,1;6,313416009;18,09421842;64,23075;14,5;23,1;30,6
E02000831;Southwark 025;14,3;42,5;7,155043719;13,62445415;58,81725;19,7;24,7;41,5
E02000832;Southwark 026;21,7;46,8;9,026104418;20,1509434;58,87149;26,9;26,9;34,3
E02000833;Southwark 027;14,6;39,1;5,480335268;16,54545455;65,516955;20,2;24,6;45,7
E02000834;Southwark 028;11,3;39,6;5,859332536;11,75869121;62,957715;12,7;20;37,9
E02000835;Southwark 029;16,6;46,6;6,329463792;13,31417625;61,760365;17,6;18,6;30,2
E02000836;Southwark 030;11,5;33,9;5,339805825;13,61003861;63,79168;10;12,4;30,7
E02000837;Southwark 031;8,1;32,5;3,654375344;20,7852194;73,718395;5,2;8,6;39
E02000838;Southwark 032;13,9;42,3;6,078431373;14,1285956;64,97898;11,3;15,1;40,6
E02000839;Southwark 033;12,7;47,9;6,881533101;16,27246925;67,047055;17,9;15,5;23,1
E02006802;Southwark 034;14,1;41,4;6,827936012;15,7807309;57,79119;27,6;31,5;141,7
E02000864;Tower Hamlets 001;28,6;58,5;9,593829095;27,42268041;57,591385;31,9;26,5;41
E02000865;Tower Hamlets 002;24,6;63,1;8,665437527;29,30174564;54,95261;25,2;31,2;36,4
E02000866;Tower Hamlets 003;19,5;51,6;6,779134755;25,05263158;60,40998;21,4;23;55,6
E02000867;Tower Hamlets 004;16;59,2;5,511730355;23,47826087;57,36218;26,9;40,1;29,2
E02000868;Tower Hamlets 005;19,5;69,7;6,890832328;33,45454545;57,43752;26,6;34,4;24,5
E02000869;Tower Hamlets 006;21,9;57,9;9,044697634;25,68807339;58,13053;29,2;28,9;25,9
E02000870;Tower Hamlets 007;23,6;57,1;7,796819515;28,41068917;55,23261;29;30,8;42,9
E02000871;Tower Hamlets 008;24,6;65,2;6,960772902;31,0137457;52,955145;30,3;38;31,4
E02000872;Tower Hamlets 009;19,6;67;6,839088122;30,88023088;55,009275;31,1;41,2;22,4
E02000873;Tower Hamlets 010;16,5;66,5;5,577872145;31,41426783;55,66639;26,2;37,2;18,8
E02000874;Tower Hamlets 011;23,9;66,2;8,248001122;35,4679803;56,27985;28,6;40,9;40,5
E02000875;Tower Hamlets 012;24,4;66,6;7,203389831;34,16046319;53,21266;27,5;38,6;32
E02000876;Tower Hamlets 013;19,1;78,1;7,716356402;29,24242424;52,605715;27,8;41,1;37,6
E02000877;Tower Hamlets 014;24,3;60;7,303886565;33,65695793;54,748105;28,5;38,2;29,2
E02000878;Tower Hamlets 015;17,2;75,6;6,465098192;27,41116751;55,36744;27,1;39,9;40,9
E02000879;Tower Hamlets 016;26,3;64,6;10,3222426;33,58681876;55,357325;26,8;34,1;45,3
E02000880;Tower Hamlets 017;23,1;64,2;7,721606648;29,13256956;56,378005;21,1;38,7;26,9
E02000881;Tower Hamlets 018;29,2;66,1;7,714575192;35,17382413;57,05004;31,8;35;51,2
E02000882;Tower Hamlets 019;27,5;65,7;8,333333333;35,47826087;54,486865;28,2;37,8;32,6
E02000883;Tower Hamlets 020;31,9;62,6;9,371069182;32,27561197;53,1741;30,1;33;51,1
E02000884;Tower Hamlets 021;13,6;73,8;5,447941889;27,25968436;56,039505;28,2;44,9;17,5
E02000885;Tower Hamlets 022;27,2;67,5;9,630166788;33,65617433;54,51385;29,9;39,1;28,1
E02000886;Tower Hamlets 023;17,1;61,3;6,142506143;25,40322581;61,13366;23,9;30,4;27
E02000887;Tower Hamlets 024;26,4;62;7,401847575;27,17569787;54,963645;28,8;36,6;34,1
E02000888;Tower Hamlets 025;16,5;59,9;5,088253195;29,19389978;60,223425;23,4;37,8;31,6
E02000889;Tower Hamlets 026;15,7;56,2;5,698307134;24,79871176;60,47119;22,9;30,6;24,9
E02000890;Tower Hamlets 027;8,8;40,6;4,348576359;13,50649351;66,96416;12,1;24,3;18
E02000891;Tower Hamlets 028;11,6;58,2;3,864962928;22,46203038;60,49289;22,7;34,7;23,2
E02000893;Tower Hamlets 030;20,3;58,3;7,518796992;17,3053152;57,38609;19,9;22,6;35,9
E02000894;Tower Hamlets 031;11,2;58,7;3,580941107;15,32921811;62,90585;16,6;25,8;20,5
E02006853;Tower Hamlets 032;14,6;58,9;4,600792752;21,9895288;58,81649;28,8;42,4;25,1
E02006854;Tower Hamlets 033;7,9;58,6;3,008669046;23,60248447;67,62364;21,6;37,9;33,9
E02000923;Wandsworth 001;9;37;5,445544554;12,30283912;69,141135;11,1;18,5;21,8
E02000924;Wandsworth 002;13,6;52,1;5,543077891;15,65703635;61,41592;28,1;35,4;38,6
E02000925;Wandsworth 003;17,6;49,7;6,842507645;19,65020576;58,400045;27,3;27;52,6
E02000926;Wandsworth 004;9,9;49,8;4,733661594;15,25658807;66,609785;18,8;24,3;27,8
E02000927;Wandsworth 005;17;54,9;6,936671576;13,44262295;60,172105;24,4;17,7;75,9
E02000928;Wandsworth 006;7,5;39,8;3,807046583;16,30804077;71,556665;5,7;10,2;27
E02000929;Wandsworth 007;21,9;49,5;7,777930466;18,63488624;57,411675;33,5;32,7;72,8
E02000930;Wandsworth 008;7,7;46,5;3,782554775;10,62416999;64,428085;12,6;20,2;17,6
E02000931;Wandsworth 009;5,3;33,8;2,442766108;14,40377804;69,286705;3,4;12,5;11,1
E02000932;Wandsworth 010;5,1;43,9;2,505827506;12,6778784;69,19008;8,5;19,9;24,1
E02000933;Wandsworth 011;9,2;45,2;4,646395627;19,12632822;69,575635;8;16;62,3
E02000934;Wandsworth 012;8,7;39,6;4,008786381;11,01573677;61,934145;11,9;21;22
E02000935;Wandsworth 013;18,7;57,4;8,204379562;19,47115385;58,11819;31,9;25,2;93,3
E02000936;Wandsworth 014;8,5;53,5;5,462184874;15,69282137;66,52505;14,8;20,5;23,5
E02000937;Wandsworth 015;7,1;37,6;3,521491455;19,70649895;65,436495;5,1;11,3;11
E02000938;Wandsworth 016;17,7;52,7;8,359522313;16,72661871;64,22227;22;18,9;68,6
E02000939;Wandsworth 017;7,6;50,8;4,254518072;18,52534562;69,80439;4,5;11,3;28,8
E02000940;Wandsworth 018;14,7;51;5,603063178;17,20183486;60,527595;25,7;27,3;35,5
E02000941;Wandsworth 019;9,8;43,7;4,174630319;19,05187835;67,813305;8,8;12,5;87,7
E02000942;Wandsworth 020;7,9;34,2;3,466114847;21,34423252;71,211715;5,5;12,6;26,3
E02000943;Wandsworth 021;7,5;37,6;3,761009284;18,85790173;66,959455;9,3;19,4;25,8
E02000944;Wandsworth 022;17,3;47,9;8,423535942;21,13459399;59,797255;25,3;28,2;56,8
E02000945;Wandsworth 023;18,7;48,1;8,044619423;21,20051086;62,727265;28,8;25,5;82,1
E02000946;Wandsworth 024;15,9;46,9;6,571915861;18,43137255;59,12465;19,6;17,6;47,4
E02000947;Wandsworth 025;8,6;38,3;3,965417867;9,359104781;64,92792;6,1;10,7;16,9
E02000948;Wandsworth 026;8;46,9;4,464918498;13,08176101;65,362625;12,7;16,6;33
E02000949;Wandsworth 027;7;31,2;4,263131056;20,24291498;69,864335;4,6;17,9;33,9
E02000950;Wandsworth 028;12,2;46;4,579044603;18,87694146;67,913165;15,4;16,3;30,9
E02000951;Wandsworth 029;10;43,4;6,330827068;16,34446397;63,56146;12,8;23,5;20,5
E02000952;Wandsworth 030;10,1;50,4;5,513824517;23,27447833;66,38057;10,7;23,1;71,2
E02000953;Wandsworth 031;10,4;37,1;3,966685488;14,09883721;67,12499;8,7;24,3;33,7
E02000954;Wandsworth 032;13;57,5;5,412972469;22,44897959;61,74628;13,4;16,6;33,3
E02000955;Wandsworth 033;18;53,3;6,925826631;17,40696279;61,67869;23,2;21,3;41,1
E02000956;Wandsworth 034;14,4;55,5;5,710577547;20,69857697;59,14623;25;27,4;50,5
E02000957;Wandsworth 035;13,5;53,5;6,053451695;16,2138475;62,943195;18,6;22,9;21,8
E02000958;Wandsworth 036;14,4;39,2;5,706686011;19,8156682;62,73628;11,6;14,3;35,7
E02000959;Wandsworth 037;16,9;49,8;6,567122909;17,49745677;61,76793;20,1;22,6;34,9
E02000960;Westminster 001;11,7;49,6;6,842900302;14,36781609;67,53148;6,7;18,3;11,6
E02000961;Westminster 002;13,7;60,5;7,053590341;23,67972743;67,29;13,8;24,2;20
E02000962;Westminster 003;14;56,2;8,673469388;19,63636364;64,63088;11,1;30,8;13,8
E02000963;Westminster 004;23,8;56,6;10,69188459;24,21203438;55,01309;27,4;31,3;50
E02000964;Westminster 005;19;56,5;9,705952666;19,64769648;55,563545;28,6;32;37,1
E02000965;Westminster 006;9,8;56,9;5,20459024;16,23449831;63,498545;12,8;25,7;25,6
E02000966;Westminster 007;8,5;50,9;5,191594561;15,40880503;67,51281;8,3;24,4;19,3
E02000967;Westminster 008;6,4;58,5;3,621896008;12,62729124;70,14938;5,4;25,1;16,8
E02000968;Westminster 009;27,7;67,4;12,33458699;28,81172002;53,87081;33,7;41,3;69,8
E02000969;Westminster 010;25,8;62,4;11,84478508;26,11464968;53,90541;34,4;40;24,7
E02000970;Westminster 011;5,9;40,2;3,161527329;10,2739726;73,949775;4,2;21,8;14,4
E02000971;Westminster 012;9;55,9;5,589914367;15,81632653;69,128475;8,7;32,7;11,7
E02000972;Westminster 013;10,1;57,3;6,40825633;18,1122449;65,25663;18,3;39;29,1
E02000973;Westminster 014;8,9;54,1;6,372646184;16,52281134;64,083775;11,7;33,9;18
E02000974;Westminster 015;13,2;65,9;6,072322038;18,99736148;66,787355;11,4;34,5;14,8
E02000975;Westminster 016;5,9;55;3,928285943;13,12607945;69,127525;8,1;40,8;11,5
E02000976;Westminster 017;7,8;55,9;5,921978685;18,72399445;64,560785;12,1;39,2;23,3
E02000977;Westminster 018;9,4;44,3;4,966622163;11,14551084;68,63154;11,8;28,5;67,7
E02000978;Westminster 019;5,7;50,9;2,394822006;17,37849779;77,331155;1,7;10,2;12,5
E02000979;Westminster 020;10,8;46,3;6,100730108;15,26845638;66,490225;16,1;22,2;118,3
E02000980;Westminster 021;14;57,3;8,210502073;18,15889029;64,018165;22,2;32,8;74,2
E02000981;Westminster 022;7,6;46,5;4,960516072;15,78947368;68,794825;15,7;28,7;58,9
E02000982;Westminster 023;15,8;61,3;8,217845855;19,93087558;63,65585;26,2;32;53,9
E02000983;Westminster 024;16,9;55,6;8,536874555;20,67567568;64,94694;27,7;33,5;51,3
E02000002;Barking and Dagenham 001;32,3;56;10,43542435;19,0521327;56,66382;27,2;14,7;62,6
E02000003;Barking and Dagenham 002;22,8;48,8;7,884519662;19,14285714;62,953275;17,9;14,1;28,1
E02000004;Barking and Dagenham 003;30,1;42,2;9,479132967;17,66917293;63,71457;18,4;8,1;31,2
E02000005;Barking and Dagenham 004;28,9;52,3;8,327493576;19,67334818;59,2588;19,6;15,1;34,5
E02000007;Barking and Dagenham 006;32,1;57,3;9,418723695;20,82459818;59,795295;27,5;17,8;33,4
E02000008;Barking and Dagenham 007;32,3;54,9;10,32932838;17,10945802;57,94949;24,6;17;47,1
E02000009;Barking and Dagenham 008;29,1;51;9,19594997;17,25431358;58,816005;27,2;20,1;37,4
E02000010;Barking and Dagenham 009;31,1;61,7;9,112013929;19,33662668;59,845575;26,8;19,6;45,7
E02000011;Barking and Dagenham 010;28,6;48,3;7,548084694;18,99313501;62,6281;22,5;13,3;21,9
E02000012;Barking and Dagenham 011;22,8;45,7;6,846682848;24,06456346;63,133925;13,7;14,2;26
E02000013;Barking and Dagenham 012;31,2;52,6;8,985955725;22,8978979;58,53829;25;17,4;41
E02000014;Barking and Dagenham 013;32,8;57,8;9,391618805;19,2722372;61,353475;22,1;17,8;33,6
E02000015;Barking and Dagenham 014;30,5;56,4;9,136586011;19,7865353;57,879625;28;21,5;51,4
E02000016;Barking and Dagenham 015;15;55,2;4,194893174;19,83673469;59,566405;26,3;46,2;55,9
E02000017;Barking and Dagenham 016;20;47,7;6,648623205;22,55707763;58,514245;16,9;25;28,6
E02000018;Barking and Dagenham 017;30,1;57,3;8,42519685;19,71544715;57,587445;24,2;20,5;35,1
E02000019;Barking and Dagenham 018;28,8;54;7,986950217;20,86700955;59,032035;25,4;18,4;45,3
E02000020;Barking and Dagenham 019;27,1;50,6;8,861578266;23,06049822;56,247635;22,5;21,8;35,4
E02000021;Barking and Dagenham 020;28,1;50,8;9,159919028;23,3278956;60,77837;23,2;18,6;29,8
E02000022;Barking and Dagenham 021;24,9;59,2;6,23219779;24,20856611;55,561;30,4;38,8;37,9
E02000023;Barking and Dagenham 022;24,9;59,7;6,680037026;24,03169014;58,302645;27,4;27,5;38,1
E02006799;Barking and Dagenham 023;30,1;50,2;9,327593276;19,3174501;57,578765;22,1;16,9;38,3
E02000024;Barnet 001;12,4;29,2;6,331232769;14,21838178;70,64389;7,7;9,7;50,2
E02000025;Barnet 002;15,8;47,1;6,96329814;11,67664671;63,721445;13,5;14,5;54,4
E02000026;Barnet 003;15,6;28,7;6,177728497;13,93341554;68,19918;8,3;7,4;41,2
E02000027;Barnet 004;22,6;47,4;8,355907481;18,62318841;62,339905;19,6;14,8;69,4
E02000028;Barnet 005;13,5;55,4;6,114174505;13,95646607;68,83416;15,9;11;44,6
E02000029;Barnet 006;16,7;47,5;6,363743102;13,4439834;67,012655;14,8;14,3;57,2
E02000030;Barnet 007;17,8;45,6;7,360350493;17,51509922;68,06285;9,5;6,7;50,7
E02000031;Barnet 008;14,5;47,1;7,636413491;14,81481481;68,197055;5,8;9,4;52
E02000032;Barnet 009;16,3;30,6;5,943744432;13,73307544;67,02257;6;6,3;52,8
E02000033;Barnet 010;18,5;48,9;7,613915896;15,25862069;66,245885;14,8;13,1;61,3
E02000034;Barnet 011;15,5;42,2;6,723084156;13,14636284;67,2999;13,2;13,1;39,9
E02000035;Barnet 012;14,2;47,3;7,583176397;12,93478261;65,504;12,1;18,3;47,8
E02000036;Barnet 013;17,6;42,7;7,158149493;19,73333333;64,65823;12,6;14,9;45,1
E02000037;Barnet 014;17,2;44,6;6,169797762;26,85325265;66,959385;7,8;11,9;60,9
E02000038;Barnet 015;15,4;46,1;7,209435039;15,54054054;64,997215;12,5;16,1;73,1
E02000039;Barnet 016;11,3;36,4;5,108614232;18,23085221;70,467745;9;11,1;26,5
E02000040;Barnet 017;17,5;49,6;6,419341392;22,63759086;67,485825;12,8;14,2;49,6
E02000041;Barnet 018;18,2;43;7,025309273;25,15611062;65,75049;12,9;17,1;68,4
E02000042;Barnet 019;14,9;43,2;7,3409155;13,36593317;65,159865;11,6;20,7;48,4
E02000043;Barnet 020;10,4;32,4;5,158523909;14,59510358;69,62998;3,9;8,6;20,4
E02000044;Barnet 021;21;47,5;7,062321893;18,12191104;61,94451;17,1;20,9;57,7
E02000045;Barnet 022;16,7;48,7;6,935625672;13,23430115;64,278485;15,8;20,3;73
E02000046;Barnet 023;11,1;43,2;5,550049554;11,8556701;65,980085;8,9;22,4;43,5
E02000047;Barnet 024;24,2;48,9;8,414666315;20,72127139;62,026525;19,8;29;51,3
E02000048;Barnet 025;12,4;47,8;4,970968728;18,51568477;70,220285;10;12,4;35
E02000049;Barnet 026;21,4;47,4;7,738445255;26,6146203;58,238905;30;34,3;62,5
E02000050;Barnet 027;16,4;47,4;7,025039746;17,16475096;61,8008;15,5;20,6;29,4
E02000051;Barnet 028;12,9;40,8;6,187116919;22,04301075;68,78882;7,1;16;25,5
E02000052;Barnet 029;11,7;46,8;5,578469788;13,83075523;65,49568;10,7;18,4;26,2
E02000053;Barnet 030;15,5;51,5;5,312176613;17,45235707;62,009875;18,7;38;34,9
E02000054;Barnet 031;11,8;47,2;5,0513461;18,33333333;65,528245;13,7;24,6;46,5
E02000055;Barnet 032;14;37,9;6,307277628;23,22193659;63,32619;10,1;26,5;41
E02000056;Barnet 033;9;41,4;5,243161094;26,13240418;72,99644;4,1;7,9;40,5
E02000057;Barnet 034;13,7;39,2;5,558524853;35,9462486;67,32139;7,1;19,1;32,7
E02000058;Barnet 035;9,6;44,1;4,843444227;25,25083612;69,574085;6,8;15,8;61
E02000059;Barnet 036;19,9;45,9;7,362080505;18,0620155;59,35848;14,2;31,6;36,5
E02000060;Barnet 037;14,7;54,5;6,703296703;47,58394758;66,034185;5,9;20,6;57,2
E02000061;Barnet 038;9,3;39,8;5,990265818;21,15621156;69,5539;6,6;24,5;28,6
E02000062;Barnet 039;21,1;54,1;7,239747634;21,97149644;61,342425;23,9;30,7;64,9
E02000063;Barnet 040;16,7;53,8;7,115191508;22,78911565;63,429055;18,5;21,3;28,4
E02000064;Barnet 041;16,6;54,7;8,002560819;18,15754339;62,37175;23,6;26,7;46,4
E02000065;Bexley 001;17,6;44,5;4,86564049;22,79469165;65,00965;21,3;19,2;24,1
E02000066;Bexley 002;24,9;47,8;7,831137849;20,9902371;58,69261;26,7;17,9;35,7
E02000067;Bexley 003;23,6;45,1;7,542857143;17,1969697;62,223485;24,5;14,1;42,3
E02000068;Bexley 004;22,5;56,2;6,794802382;19,25087108;61,40566;28;17,2;107,7
E02000069;Bexley 005;25;45,1;8,540523087;19,76744186;63,00646;20,2;10;51,3
E02000070;Bexley 006;23,9;30,9;8,050793651;16,08606557;63,741905;13,5;5,3;24,5
E02000071;Bexley 007;23,6;41,1;6,98630137;17,10654936;62,93315;19,7;6,6;38
E02000072;Bexley 008;28,3;56,1;7,848985853;20,36474164;57,799435;26,6;17,8;92,2
E02000073;Bexley 009;21,9;30,1;6,592689295;17,18972896;67,042085;8,5;3,4;31,9
E02000074;Bexley 010;30,2;50,8;9,562377531;16,63516068;60,720915;28,6;9,9;126,3
E02000075;Bexley 011;22,8;37,9;7,523905385;12,06521739;67,02508;8,2;3,2;19,7
E02000077;Bexley 013;24,9;28;7,631343474;16,95736434;64,195575;11;5,4;29,5
E02000078;Bexley 014;19,3;34,4;6,14481409;13,71134021;67,00427;10,3;4,3;36,1
E02000079;Bexley 015;21,1;30,3;8,188175461;14,16490486;66,575395;13,6;5,8;27
E02000080;Bexley 016;24,1;38,6;6,882290562;14,48911223;65,39045;11,3;7,4;19,9
E02000081;Bexley 017;25,5;37,2;8,372154931;15,07592191;64,686995;13,7;4,7;64,4
E02000082;Bexley 018;21,2;21,9;5,959891843;12,5;67,96003;6;4,2;13,8
E02000083;Bexley 019;24;41,7;7,614369051;19,08339594;65,350695;17,3;6,6;82
E02000084;Bexley 020;19,8;29,6;6,070858002;13,46749226;68,031635;7,8;4,2;23,4
E02000085;Bexley 021;23,8;27,3;6,461421513;13,41911765;68,80079;9,1;5;41,9
E02000086;Bexley 022;19,4;25,6;5,158296943;12,47401247;69,719755;5,5;4,1;31,2
E02000087;Bexley 023;18;35,2;6,583982056;16,95906433;70,767625;7;3,6;30,2
E02000088;Bexley 024;20,4;27,5;5,89375727;15,28795812;69,69944;6,2;3,6;25,3
E02000089;Bexley 025;20,8;26,5;7,73480663;13,26530612;68,23423;7,3;2,5;31,2
E02000090;Bexley 026;21,5;39,8;9,133623653;10,99020675;69,37551;11,6;8,4;42,3
E02000091;Bexley 027;21,2;39,3;8,262755629;14,13953488;69,885855;14;10,1;43,9
E02000092;Bexley 028;28,5;52,7;10,06847183;18,34451902;61,962345;25,5;10,7;107,3
E02006785;Bexley 029;27,3;40,3;8,427318296;16,79586563;64,238945;15,5;6,6;38,7
E02000093;Brent 001;21,7;51,8;7,332536984;18,48484848;61,782615;12,1;20,7;35,8
E02000094;Brent 002;19,9;44;6,414360851;21,9876869;64,15902;14,6;21,7;29,1
E02000095;Brent 003;21,1;47,2;7,841951416;18,21396994;63,483125;9,5;22,5;22
E02000096;Brent 004;15,3;32,1;6,883390366;14,65201465;66,468705;7,6;12,2;28,2
E02000097;Brent 005;20,9;43,2;6,910024559;23,31233123;62,282455;12,3;19,9;42,8
E02000098;Brent 006;17;38,3;6,885699899;21,20253165;65,252955;14,9;20,4;26,3
E02000099;Brent 007;16,8;41,5;5,662110945;20,63628547;65,13697;15,7;27,6;15,2
E02000100;Brent 008;11,5;28,9;5,484024797;18,91891892;67,303475;8,4;23;21,1
E02000101;Brent 009;20,2;46,1;8,272610373;20,78025478;60,89353;20,3;28,5;50,2
E02000102;Brent 010;25,7;49,8;7,229998716;31,98458574;59,492465;21,9;31;23,8
E02000103;Brent 011;22,3;46,8;7,852802935;25,51020408;62,125155;24,4;23,7;22,3
E02000104;Brent 012;18,3;40,8;8,452785577;19,31216931;64,46479;14,3;21,7;29,8
E02000105;Brent 013;17,2;40,7;6,270376005;18,11352254;63,635865;15,3;31,2;29,8
E02000106;Brent 014;22,7;55,3;6,616423608;24,62462462;61,909385;22,3;32,6;55,3
E02000107;Brent 015;15,9;46,1;5,864197531;17,46724891;61,87851;18,1;34,2;26,1
E02000108;Brent 016;17,9;45,1;7,092952612;20,97560976;63,683385;12,2;27,6;22,1
E02000109;Brent 017;18,9;44,4;6,964720195;23,69584439;61,713085;14,9;33,1;43,1
E02000110;Brent 018;15,1;45,1;6,281686658;20,50970874;60,9301;15,9;24,8;21,9
E02000111;Brent 019;20;43,8;7,616029442;17,72575251;61,525945;12,8;35,9;25,1
E02000112;Brent 020;20,3;41,2;7,061068702;17,99610895;63,332985;15,7;34,1;22,2
E02000113;Brent 021;26,3;51,9;8,161574314;28,13536828;55,223225;30,5;36,1;38,7
E02000114;Brent 022;15,3;45,3;5,682574917;19,18976546;61,57382;20,9;35,4;24,5
E02000115;Brent 023;12,9;41,5;7,326139089;16,13333333;58,607305;20,2;35;15,5
E02000116;Brent 024;21,8;45,2;6,954495278;18,61313869;59,060795;24,1;40;37,1
E02000117;Brent 025;25,3;46,4;8,232747856;24,93043962;55,217955;27,4;36,3;42,5
E02000118;Brent 026;22,7;45,3;6,811671088;17,44855967;63,20805;12;34;23
E02000119;Brent 027;25,4;47,2;8,761037528;28,71467639;58,563775;24,2;31,8;29,4
E02000120;Brent 028;13;45,8;6,131973084;14,00233372;59,474345;20,8;32,2;16,3
E02000121;Brent 029;21,6;52,2;6,403224001;14,79400749;61,489865;14,1;34,8;21,8
E02000122;Brent 030;16;38,1;6,820151009;21,19914347;64,08409;13,3;18,7;21,5
E02000123;Brent 031;22,5;49;6,997758;19,94177584;57,636875;23,6;38,7;26,4
E02000124;Brent 032;12,3;41,2;5,625122285;15,85040071;63,694595;14,3;25,9;17,2
E02000125;Brent 033;17,6;42,9;5,862228387;15,09881423;64,334955;15;23,2;24,5
E02000126;Brent 034;22,4;47,9;8,668810289;25;56,723885;32,7;38,5;42,1
E02000127;Bromley 001;27,8;53,2;9,701756454;15,24590164;59,931745;29;10,9;44,4
E02000128;Bromley 002;18,1;38,8;6,498491911;11,08786611;69,266295;10;4,7;41,6
E02000130;Bromley 004;14,8;34,7;6,280010109;16,35094716;64,76609;13,3;12,1;69,6
E02000131;Bromley 005;13,3;45,4;5,383069019;13,24324324;61,221715;22,4;22;32,4
E02000132;Bromley 006;14,1;49,8;6,560056029;9,213759214;67,666235;17;12,7;30,9
E02000133;Bromley 007;11,7;34,3;6,110764106;13,88646288;69,95128;6,5;3;34,3
E02000134;Bromley 008;15;41,7;6,711222501;9,42408377;65,91742;13,5;12,5;60,5
E02000135;Bromley 009;22,7;49;9,266488597;15,44217687;58,24376;31,2;26;73,3
E02000136;Bromley 010;23,8;55,6;10,50977654;17,27272727;66,791145;17,4;7,9;23,1
E02000137;Bromley 011;13;39,2;6,74674163;13,47926267;71,843345;6,7;6,4;43,7
E02000138;Bromley 012;11,6;28,4;5,897177419;11,27717391;71,926295;4,9;6,4;36,5
E02000139;Bromley 013;14;36,1;5,189456343;11,06427819;68,52594;7,3;8,6;48,2
E02000140;Bromley 014;32,1;53,8;9,787339883;21,40522876;57,9611;31,6;11,7;72,7
E02000141;Bromley 015;16,7;38,1;5,576368876;14,36170213;63,89978;13,4;11;44,1
E02000142;Bromley 016;14,8;36,9;6,421243211;15,55959964;70,430045;6,4;6,2;52,1
E02000144;Bromley 018;10,5;31,5;4,285220597;11,48587056;71,0825;7;9,2;22,9
E02000145;Bromley 019;30,4;55,7;7,989116992;19,41594317;58,697415;31,1;12,4;88,6
E02000146;Bromley 020;16,6;19,4;6,979817395;11,88380282;68,084785;6,3;8,5;35,8
E02000147;Bromley 021;11,6;26,1;5,094742126;19,52965235;71,26147;4,4;3,4;40,8
E02000148;Bromley 022;15,2;29,2;5,588458618;14,1509434;70,368805;4,9;3,7;29,6
E02000149;Bromley 023;25,4;47,5;7,784120394;14,24581006;64,48314;24,6;8;64,6
E02000150;Bromley 024;17,4;30,1;6,274697641;15,67291312;68,01921;6,1;3,7;55,2
E02000151;Bromley 025;15,5;25,9;5,149194613;11,02863203;69,803975;3,4;1,7;24,1
E02000152;Bromley 026;25,7;51,5;8,779671333;18,73684211;63,77738;20,5;9;55,9
E02000153;Bromley 027;15,5;19,9;4,796905222;15,43498597;71,068965;4,3;2;33,7
E02000154;Bromley 028;16,7;39,9;6,357582611;14,59183673;71,118115;10;7,6;56,2
E02000155;Bromley 029;27,1;26;8,819695873;15,83220568;66,7243;15,5;4,7;42,6
E02000156;Bromley 030;15,8;21,7;6,217959319;15,0390625;72,17455;4,5;5,6;35,6
E02000157;Bromley 031;14,9;22,9;5,826217981;15,47131148;71,657285;3,6;3,2;18,3
E02000158;Bromley 032;22,1;55,5;7,441607822;22,04806688;68,964855;23,4;5,6;36,7
E02000159;Bromley 033;16,6;33,3;5,196711685;17,01346389;70,852525;6;2,3;34
E02000160;Bromley 034;16,1;25,3;5,740835031;16,60039761;69,9487;5,2;4,6;51,6
E02000161;Bromley 035;16,2;23,8;5,517241379;14,49407475;69,305625;3,8;2,4;22,4
E02000162;Bromley 036;23,4;32,2;8,277304647;13,60381862;69,120965;10,4;6,9;60,5
E02000163;Bromley 037;16,8;25,9;5,503267974;15,23394995;68,990495;7,7;2,9;56,9
E02000165;Bromley 039;17,4;24,7;4,158977999;15,82417582;67,88459;9,9;3,8;39,2
E02006782;Bromley 040;22,6;43,9;8,27667364;15,68627451;65,675945;19,1;8,6;41,9
E02006787;Bromley 041;16,7;29,6;5,688701607;13,65313653;69,23752;7,9;5,9;54,7
E02006789;Bromley 042;21,1;36,5;6,580584941;15,07607192;70,95106;12,6;3,5;41,3
E02000194;Croydon 001;13,5;38,2;6,20975161;13,60136869;65,25678;19,6;20,6;44,9
E02000195;Croydon 002;15,5;39,3;6,25;16,83501684;68,125035;12,4;10,5;29,3
E02000196;Croydon 003;18,8;40,8;7,469944617;20,98501071;61,637425;16,8;17,6;25,7
E02000197;Croydon 004;16,4;48,6;7,169562349;19,88906498;65,57166;14,8;17,8;27,3
E02000198;Croydon 005;19,7;42,9;6,406443618;18,57585139;63,241965;23;20,3;67,2
E02000199;Croydon 006;16;35,6;5,053380783;18,62891207;65,22354;17,7;16,3;28,7
E02000200;Croydon 007;16,3;48;6,788039547;13,61665221;65,044285;20,3;23,4;42,5
E02000201;Croydon 008;17,7;44,6;7,317956769;14,1329259;58,970685;25,6;27,6;31,2
E02000202;Croydon 009;17,5;37,5;6,44595227;19,79166667;63,864315;15,2;16,4;34,4
E02000203;Croydon 010;19,1;41,5;7,958615201;17,52096925;60,85005;20;25,8;69,6
E02000204;Croydon 011;17,2;43,3;6,527054321;22,59541985;61,90535;15,8;19,4;34
E02000206;Croydon 013;19,2;43,3;7,547961002;17,7704918;59,061725;25,9;25,2;53,2
E02000207;Croydon 014;18,6;45,9;6,511834648;19,13875598;60,064645;22,5;20,4;77,1
E02000208;Croydon 015;19,6;49,9;7,671092952;15,2173913;59,665335;27,4;33,6;84,6
E02000209;Croydon 016;18,4;44,5;5,89493701;20,08639309;61,178075;19,2;20,3;55,4
E02000210;Croydon 017;16,3;36,1;5,439229844;14,57990115;63,61845;16,7;12,5;40,1
E02000211;Croydon 018;18,4;27,1;6,4875;12,8600823;67,424165;9,7;6,7;32,1
E02000212;Croydon 019;21;46,4;6,253666549;18,77256318;60,52398;20,8;26,2;58,3
E02000213;Croydon 020;17,9;54,7;8,020102607;14,45864156;57,78309;25,7;34,7;70,1
E02000214;Croydon 021;15,1;30,7;5,740859525;15,72164948;68,868545;9,7;7,6;36,9
E02000215;Croydon 022;15;52,9;7,054573113;10,56845476;60,918705;17,1;24,5;51,2
E02000216;Croydon 023;11,9;44,3;7,465123182;10,83437111;69,902365;6,8;12,2;13,3
E02000217;Croydon 024;16,4;51,5;5,594549959;13,17280453;61,786805;21;22,9;51,2
E02000218;Croydon 025;19,5;48,9;6,09939759;20,77067669;65,32584;26,9;13,8;45,2
E02000219;Croydon 026;16,7;29,6;6,934686443;14,47212337;68,364015;8,7;2,8;36
E02000220;Croydon 027;13,3;37,8;7,276591438;8,21799308;61,144575;19,4;30,6;58,7
E02000221;Croydon 028;21,2;48,3;8,268839104;18,21835231;61,938425;24,2;17,7;50,7
E02000222;Croydon 029;12,1;40,1;5,487263972;11,21593291;67,71176;10,4;15,5;24,6
E02000223;Croydon 030;33,4;53,3;8,374148847;24,98418722;56,71786;33,6;20,5;58,9
E02000224;Croydon 031;12,2;45,8;4,815200416;12,01550388;67,30399;12,4;16,8;49,9
E02000225;Croydon 032;33,3;50;8,745852687;24,83598875;60,640005;26,9;10,8;58,6
E02000226;Croydon 033;14,1;29,8;5,411858337;10,79545455;69,180975;7;2,7;37,7
E02000227;Croydon 034;18,5;35,6;6,449916747;14,15157612;64,903295;18,8;7,4;47,4
E02000228;Croydon 035;11,2;35,4;5,191220923;15,48022599;73,18761;4,1;2,6;21,8
E02000229;Croydon 036;37,7;52,2;10,80953875;22,4852071;59,19976;30,9;16;64,9
E02000230;Croydon 037;13;41,3;6,490791439;14,42542787;67,19155;10,2;10,8;55,8
E02000231;Croydon 038;12,7;38,1;7,09173715;16,20171674;69,75962;5;4,5;38,3
E02000232;Croydon 039;20;37,5;6,718221363;14,98079385;68,69638;9,4;4;70,2
E02000233;Croydon 040;15,8;40,6;6,797066015;14,61988304;66,95704;11,4;7,1;42,5
E02000234;Croydon 041;15,5;35,9;5,920478624;15,47729379;68,403285;15,2;8,5;62,9
E02000235;Croydon 042;14,2;40,7;5,123421355;13,63163371;72,074305;9,6;5,2;42,4
E02000236;Croydon 043;15,1;31,4;4,595900248;16,22678397;68,39342;9;3,3;46,7
E02000237;Croydon 044;20,5;35,4;8,280936455;13,10043668;68,09465;11,3;3,9;115
E02006788;Croydon 045;21,3;39,5;6,968085106;17,84860558;63,22344;25,6;13,4;29
E02000238;Ealing 001;18,9;45,3;5,484210526;17,65612953;62,620455;15,7;20,7;54,3
E02000239;Ealing 002;14,7;33,1;5,444444444;18,44380403;64,71557;8,6;18;14,4
E02000240;Ealing 003;23,4;52,7;7,228446176;19,1886671;62,365435;23,7;23,7;54,5
E02000241;Ealing 004;17,6;43,3;5,196565748;15,38461538;64,19999;14,9;20,7;43,4
E02000242;Ealing 005;17,8;45,6;5,781457933;20,14218009;61,62449;11,2;23,6;39,2
E02000243;Ealing 006;18,6;42,1;6,910330239;15,625;61,898975;15,9;20,9;47,7
E02000244;Ealing 007;16,1;41;5,883993307;17,62785637;64,549955;15,3;19;28,5
E02000245;Ealing 008;25,4;61,1;8,509073075;19,15384615;61,02823;26,8;28,8;90,4
E02000246;Ealing 009;25,9;48,9;7,418838592;25;60,75126;21,4;23,5;41,6
E02000247;Ealing 010;22;54,9;8,100504463;18,80286272;60,98075;21,1;25,7;43,2
E02000248;Ealing 011;11,2;55,5;5,426779384;15,88785047;66,350165;16,1;22,8;40,4
E02000249;Ealing 012;20,8;44,9;7,045719466;19,83556012;61,69351;14,6;23,4;33,6
E02000250;Ealing 013;6,9;24,8;5,225836288;13,64705882;68,754405;4;9,3;35,4
E02000251;Ealing 014;18,4;48,8;6,508056395;20,92793682;65,702605;13,1;20,4;39,8
E02000252;Ealing 015;16,3;53,6;6,830826293;18,51520572;57,64741;28,4;36,5;38,1
E02000253;Ealing 016;23,3;47,9;9,426910299;18,57651246;59,90713;24,8;22,7;113,5
E02000254;Ealing 017;20,5;49,6;8,157336015;20,856102;62,714815;15,5;25;56,4
E02000255;Ealing 018;12,5;50,8;6,222926572;19,31364725;67,51381;18,3;20,6;53,2
E02000256;Ealing 019;7,3;40;5,642703984;14,46808511;67,980765;9,8;24,1;44
E02000257;Ealing 020;7,6;45,2;5,455622178;15,1372549;68,41267;9,6;21,7;69
E02000258;Ealing 021;13;52,1;5,304606241;19,13580247;63,568505;14,5;23,7;18,4
E02000259;Ealing 022;13;39,4;4,748247291;16,05504587;66,812;9,4;14,1;57,1
E02000260;Ealing 023;21,7;52,4;8,518943743;21,65354331;61,13685;15,3;28,1;33,4
E02000261;Ealing 024;14,8;53,6;6,409065577;25,51781276;62,880835;18,2;34,1;27,9
E02000262;Ealing 025;14,8;42;7,831932773;18,75616979;59,660575;18,1;30;35,2
E02000263;Ealing 026;24,1;55,6;8,876858297;23,07157748;58,97189;16,4;32,5;54,9
E02000264;Ealing 027;8,9;49,6;5,985437492;18,99371069;68,385935;13,6;23,2;48,7
E02000265;Ealing 028;14,7;50;6,619300297;15,41984733;62,97733;18,6;26,4;95,8
E02000266;Ealing 029;24;55;10,37223258;27,32240437;57,304725;24,7;34,2;95,3
E02000267;Ealing 030;13,7;35,5;5,688709212;12,21621622;62,739965;15,4;18,8;57,4
E02000268;Ealing 031;12,9;48,6;6,026928831;14,88095238;65,45605;11,8;17,5;56,2
E02000269;Ealing 032;8;36;4,580341669;15,11017838;68,980055;7;13,7;51,8
E02000270;Ealing 033;19,7;57,8;8,230759667;24,66793169;57,557995;27,5;33,7;51,7
E02000271;Ealing 034;7,8;41;3,829661393;12,85189718;69,72138;7,2;13,2;28,7
E02000272;Ealing 035;11,3;33;5,483106106;13,52657005;66,615145;7,3;9,2;47
E02000274;Ealing 037;23,2;60,5;7,680829341;24,96924969;60,023885;17,8;34,7;39,5
E02000275;Ealing 038;22,8;60,5;10,08166714;19,11057692;58,075625;19,4;29,7;66,1
E02000276;Ealing 039;9;36,2;4,195180006;11,54345006;65,50927;8,1;14,1;48,2
E02006791;Ealing 040;10,2;43,4;5,498435405;11,88118812;66,090875;13,1;19,8;49,9
E02000277;Enfield 001;27,7;58,1;7,498940828;17,02755906;64,938875;22,5;14,1;22,1
E02000278;Enfield 002;32,4;62;9,347063483;23,27402135;57,731635;32,6;19,8;31,8
E02000279;Enfield 003;24,8;61;6,376195537;21,11702128;58,28378;31,6;20;44,1
E02000280;Enfield 004;21,5;50,8;7,704051674;15,32599492;64,37913;18,1;11;48,9
E02000281;Enfield 005;23,3;58,7;8,194680249;14,6539028;58,83099;22,9;18,7;36
E02000282;Enfield 006;32,4;63,9;7,515085025;20,8281054;57,3594;33,3;24,5;30,5
E02000283;Enfield 007;28,3;56,5;7,027540361;25,75406032;61,080795;28,7;15,8;26,8
E02000284;Enfield 008;18,1;46,4;6,804878049;12,37209302;65,845375;14,8;11,9;34,3
E02000285;Enfield 009;17,9;38,6;5,835986054;15,14124294;67,41562;10,3;4,9;39,3
E02000286;Enfield 010;17,4;35,7;7,783770532;9,7799511;70,775225;14,6;12,5;41,2
E02000287;Enfield 011;17,8;45,7;7,108310128;15,72739187;69,16627;9,9;9;28,8
E02000288;Enfield 012;27,7;57,5;7,70257388;22,21514959;59,928095;26,5;24,1;31,6
E02000289;Enfield 013;17,8;37,1;6,36322119;14,4057623;69,67727;10,1;3,5;35,9
E02000290;Enfield 014;29,7;57;7,276995305;17,11851278;56,53433;27,9;28,5;26,6
E02000291;Enfield 015;21,3;54,8;7,933662035;14,03212172;64,604015;21,8;20,2;24,3
E02000292;Enfield 016;22;47,1;5,799537718;15,89928058;65,372005;18,3;11,2;51
E02000293;Enfield 017;15,8;41,2;6,104328524;16,40826873;68,98785;6,4;4,8;30,5
E02000294;Enfield 018;27,8;56,3;7,861245636;25,25814138;59,82153;25,2;17,8;23,2
E02000295;Enfield 019;17;41,6;7,559111536;14,06945681;68,047475;12;11,5;36,4
E02000296;Enfield 020;19;51,5;7,645516518;14,19529837;62,385045;17;17,3;29,5
E02000297;Enfield 021;19;34,4;6,485265649;14,75256769;68,40209;9,1;7,5;22,1
E02000298;Enfield 022;14,3;28;4,764292879;16,77083333;71,24879;6,4;8,4;34,6
E02000299;Enfield 023;28,6;50,9;8,118556701;23,9546421;58,295225;27,4;26;30,7
E02000300;Enfield 024;24,8;55,1;6,705896776;22,41238794;61,60496;27,1;23,1;40,3
E02000301;Enfield 025;29,6;52,9;8,2224429;20,8358209;56,539055;30,2;26,9;40,1
E02000302;Enfield 026;22,7;38,7;7,650732645;17,72853186;60,603325;13,4;14,6;43,3
E02000303;Enfield 027;31,3;59,3;8,986889154;24,37357631;56,26607;29;28,7;42,8
E02000304;Enfield 028;13,7;30,8;6,391395723;14,32958035;68,84376;6,9;8,2;N/A - not available
E02000305;Enfield 029;15,4;34,2;6,660488822;11,6097561;65,10172;12,7;18,9;42,3
E02000306;Enfield 030;31,7;58,2;8,099245819;23,43647136;54,15149;31,7;32,6;51,4
E02000307;Enfield 031;25,6;53,5;6,634255039;20,54317549;60,176335;23,1;17,2;29,8
E02000308;Enfield 032;17,8;54,5;7,290589452;15,78947368;63,6253;18,6;17,6;44,7
E02000309;Enfield 033;27,1;54,3;7,016874821;21,83976261;59,265455;29;29,9;28,7
E02000311;Enfield 035;22,6;46,7;7,475688817;17,10825132;60,15796;23,5;20,6;25,2
E02000312;Enfield 036;14,4;39,1;6,435596295;10,9947644;65,58337;16,7;25,9;42,7
E02006793;Enfield 037;30,6;59,7;8,105074091;20,46543463;57,039065;28;31,8;33,4
E02000313;Greenwich 001;23,5;49,5;6,731647883;24,4140625;60,178375;26,7;25,9;41,1
E02000314;Greenwich 002;16,2;50,1;5,287146764;21,26410835;60,46921;19,4;26,5;39,6
E02000315;Greenwich 003;27,9;53,6;9,394273128;24,75862069;59,211425;29,3;20,9;36
E02000316;Greenwich 004;16,1;49,2;5,581395349;17,21854305;58,57298;21,8;33,3;28,3
E02000317;Greenwich 005;25,3;55,8;8,422939068;21,95488722;58,40395;25,6;28,2;44,6
E02000318;Greenwich 006;21,4;47,9;7,051412315;21,98049512;59,22169;18,8;28,2;36,2
E02000319;Greenwich 007;18,8;46,7;7,109652721;18,27309237;61,189445;19,9;27,1;17,8
E02000320;Greenwich 008;21,8;47,3;7,457729469;17,95121951;61,97549;18,5;15,6;56,1
E02000321;Greenwich 009;25,4;52,2;8,291666667;19,25287356;59,808345;26,6;26,4;44,8
E02000323;Greenwich 011;22,8;47,4;7,091999251;22,0952381;59,34827;25,7;32,5;45,7
E02000324;Greenwich 012;25,5;51,7;10,08885851;22,2;60,02942;22,7;20,4;46,2
E02000326;Greenwich 014;16;51,6;6,690240453;14,82254697;63,02995;17,6;13,2;42,3
E02000327;Greenwich 015;20,1;53,6;6,388278388;26,46775746;58,78883;25,3;25,6;45,6
E02000328;Greenwich 016;14,7;41,4;7,87163185;14,05184175;62,995485;11,2;17;31,6
E02000329;Greenwich 017;23,5;39,6;8,349514563;16,87344913;61,43852;15,8;12,4;62,7
E02000331;Greenwich 019;22,9;52,1;8,913293321;18,04435484;59,93204;26,3;19,9;57,2
E02000332;Greenwich 020;16;42,4;5,721770302;16,5961945;67,02381;15,3;11,6;29,5
E02000333;Greenwich 021;9,4;45,7;5,918009252;14,03508772;70,24285;12,2;12,1;30,2
E02000334;Greenwich 022;24,6;43;9,182253826;17,81818182;61,801065;22,4;12,5;42,5
E02000335;Greenwich 023;21,3;33,8;6,917086578;13,50059737;66,31706;8,4;5,1;26,5
E02000337;Greenwich 025;31,3;46,2;10,10624842;18,03738318;58,38809;23,6;10,8;49,8
E02000339;Greenwich 027;18,5;44;8,442211055;15,27777778;66,460825;12,1;7,6;47,7
E02000340;Greenwich 028;21,2;44,9;8,081471748;14,63414634;66,441955;15,2;9,7;32,2
E02000341;Greenwich 029;31,5;53,3;10,36053625;20,53333333;58,521415;30,1;14,1;65,5
E02000342;Greenwich 030;21,7;52,4;7,190454052;16,80672269;65,26663;23,1;13,7;21,1
E02000343;Greenwich 031;27,4;47,2;10,18726592;17,25394897;61,303085;19,1;10,1;50,4
E02000344;Greenwich 032;23,3;32,7;8,031939878;13,11688312;66,66651;8,8;7,7;18,2
E02006786;Greenwich 033;22,1;46,8;6,962576153;18,28571429;61,641415;22;17,7;54,2
E02006927;Greenwich 034;21,2;51,2;8,262176789;20,2965709;63,081935;17;10,7;34,3
E02006928;Greenwich 035;11,4;50,4;4,004903964;14,09147095;63,33443;31,4;29,5;33
E02006929;Greenwich 036;16,9;53,1;7,156208278;16,32183908;58,160325;25,2;27;24,1
E02006930;Greenwich 037;12,9;46,6;5,746075293;13,62940276;65,07366;17,4;16,9;34,2
E02006931;Greenwich 038;14;41,1;6,128891792;16,9792695;65,326825;18;18,6;51,5
E02000433;Harrow 001;20,2;41,9;10,14832162;14,625;69,299645;9,3;11,9;53,5
E02000434;Harrow 002;16,5;47,2;7,871448533;18,87905605;67,01255;13,2;14,7;33,4
E02000435;Harrow 003;19,5;53,8;9,641799084;20,13129103;62,275335;15,2;12,8;45
E02000436;Harrow 004;13,7;25;6,381874784;13,74622356;73,08134;6,5;4,7;30,7
E02000437;Harrow 005;18,1;40,3;7,699653814;18,47313855;67,54652;15,1;12,7;49,3
E02000438;Harrow 006;19,6;47,1;7,96460177;17,07779886;67,09132;16;14;36,6
E02000439;Harrow 007;22,1;50,3;6,592737022;18,04733728;61,998065;13,5;21;23,4
E02000440;Harrow 008;15,1;30,7;5,538718779;18,11023622;68,15468;7,5;10,1;27,8
E02000441;Harrow 009;17,2;43,4;7,849270182;15,49636804;65,079315;13,3;10,9;50,5
E02000442;Harrow 010;21,9;41,3;5,915460602;20,58570198;62,91882;8,2;21,8;21,3
E02000443;Harrow 011;21,3;45,8;7,265047518;23,50659426;60,814685;18,5;24,7;39,4
E02000444;Harrow 012;19,5;43,6;6,40075303;17,74332472;66,18788;9;18,3;N/A - not available
E02000445;Harrow 013;18,8;49,9;6,72195122;17,15893108;64,12746;19,8;24,3;43,7
E02000447;Harrow 015;14,1;48,1;6,588268631;16,24203822;65,266575;12,7;11,9;43,1
E02000448;Harrow 016;10,5;37,6;5,646739949;14,49275362;72,303115;6,1;7,9;50,3
E02000449;Harrow 017;24,5;45,5;7,386014502;16,90962099;60,61588;14;21,7;61,3
E02000451;Harrow 019;12,3;28,4;6,091603053;14,0567201;68,4296;5,2;6,6;21,8
E02000452;Harrow 020;12,6;44,4;5,804331954;12,88032454;67,197735;15,9;27,8;56,3
E02000453;Harrow 021;12,6;42,1;5,498687664;16,93711968;68,19368;11,6;18,7;29,5
E02000454;Harrow 022;11,3;30,4;4,589099125;14,74103586;70,210295;4,5;4,4;28
E02000455;Harrow 023;11,9;48;6,969883221;12,04690832;64,19694;12,9;23,5;50,9
E02000456;Harrow 024;13,2;46,5;6,417339567;15,70512821;66,047105;11,8;16,2;40,2
E02000457;Harrow 025;12,8;31,2;6,430155211;18,53233831;67,691985;13;10,4;36,6
E02000459;Harrow 027;16,4;46,6;7,200971463;17,44966443;63,951045;17,9;27,5;65,3
E02000460;Harrow 028;19,1;47;7,394906413;19,92031873;61,486405;16,2;20,4;29,3
E02000461;Harrow 029;10,3;43,4;4,807830718;10,18766756;68,84041;6,4;13,8;25,5
E02000462;Harrow 030;18;41,8;6,724969843;18,97727273;65,971555;13,1;20,5;45,5
E02000463;Harrow 031;19;47,9;6,347134891;21,31280389;61,81382;15,3;18,6;56,6
E02006795;Harrow 032;14,4;38,7;5,809945839;15,77540107;65,00421;8,8;14,4;35,1
E02006882;Harrow 033;18,5;27,9;6,829405955;16,71606402;64,87084;7,9;14,4;28,9
E02000464;Havering 001;37;52;11,53309564;22,7771011;60,280595;20,7;11,1;55,9
E02000465;Havering 002;32,5;54,7;10,22698613;19,98175182;59,091735;21,3;10,9;66,1
E02000466;Havering 003;30,6;49,3;9,050319778;17,76785714;61,265235;22;7,7;70,7
E02000467;Havering 004;35;55,3;10,57762107;20,14234875;55,495565;35,2;15,4;65,7
E02000468;Havering 005;30,4;47;8,262657415;17,5204918;64,576235;16,5;5,8;50,8
E02000469;Havering 006;33,7;46,9;11,59397796;19,14153132;60,7439;20,6;10,1;60,7
E02000470;Havering 007;24,5;34,3;8,076581717;11,86046512;65,860605;12,5;6,6;52
E02000471;Havering 008;26,5;35,5;7,228107818;15,14778325;70,155765;10,5;2,3;24,8
E02000472;Havering 009;25,9;35;7,820669707;14,05975395;65,37726;10,6;5,7;52,1
E02000473;Havering 010;23,1;34,7;7,186065916;14,77462437;69,11109;10,6;5,5;30,2
E02000474;Havering 011;28,7;50,6;8,462183867;15,34246575;65,881605;17,2;9,3;38,8
E02000475;Havering 012;19,3;47,7;6,948673336;12,73584906;69,036065;11,7;5,9;48,3
E02000476;Havering 013;22,6;55,9;8,319467554;12,85855589;61,923995;19,7;21,9;44,4
E02000477;Havering 014;20,7;29,9;6,207264957;15,20737327;66,430315;7,1;3,1;24,3
E02000478;Havering 015;23;24,1;7,136788445;18,4991274;68,137215;6;3,7;27,6
E02000479;Havering 016;21,9;40,1;7,487091222;12,20703125;64,207505;16;9,9;37,1
E02000480;Havering 017;25,1;43,8;7,493619193;15,1026393;64,593635;20,6;11,8;47,6
E02000481;Havering 018;27,1;29,2;9,380213012;11,51776103;67,66559;10,2;3,4;32,5
E02000482;Havering 019;17,3;41,1;6,926203877;16,11111111;71,454975;5,1;2;N/A - not available
E02000483;Havering 020;26,8;35,4;9,206724455;11,83162685;66,402365;13,5;6,8;27
E02000484;Havering 021;24,1;31,5;7,281375778;12,79296875;67,314745;7;4,9;44,7
E02000485;Havering 022;22,6;33,6;7,438016529;13,27885598;67,557945;11,7;3,9;24,1
E02000486;Havering 023;25,8;34,3;8,403475428;15,59405941;65,868425;11,2;5,1;31,4
E02000487;Havering 024;17,2;21,5;6,069106209;14,67268623;69,96355;3,1;1,1;18,1
E02000488;Havering 025;24,9;32,4;6,647826672;12,20379147;69,823425;7,6;3,2;17,4
E02000489;Havering 026;27,3;46,4;8,536276002;17,25571726;62,67416;15,8;6,3;35,5
E02000490;Havering 027;33,1;38,9;8,942258559;16,77148847;65,704925;16,5;6;49,4
E02000491;Havering 028;32,1;51,6;8,882846136;19,82832618;60,601;25,1;9,3;55,9
E02000492;Havering 029;31,6;32,5;8,482142857;14,80406386;67,27209;14,6;4,4;33,2
E02000493;Havering 030;27,8;51,7;7,246376812;16,21621622;61,571585;21,7;9,8;35,6
E02000494;Hillingdon 001;13,1;39,5;6,952801177;13,22115385;68,48008;6,1;6,7;66,3
E02000495;Hillingdon 002;15,9;41,6;7,431647841;10,65502183;66,95937;11,1;10,4;53,6
E02000496;Hillingdon 003;23,8;40,1;8,676848223;14,07982262;66,257105;17,5;9,2;43,1
E02000497;Hillingdon 004;16,7;34,4;6,636182436;14,18439716;68,39254;13,7;8,3;39,5
E02000498;Hillingdon 005;18,9;29,4;6,993355482;14,49864499;68,879245;10,3;10,5;24,7
E02000499;Hillingdon 006;14,4;26;5,614938828;16,06382979;71,61002;7,4;4,7;30,4
E02000500;Hillingdon 007;13,3;35;5,600207415;16,29802095;68,38087;7,1;6,8;36,2
E02000501;Hillingdon 008;16,6;32,8;5,977931369;12,63636364;68,117575;9,6;5,7;39,5
E02000502;Hillingdon 009;16,6;31,7;6,64652568;14,98993964;67,92657;7,6;8,3;36,5
E02000503;Hillingdon 010;15,7;30,3;4,69619408;12,48937978;67,617675;7,2;6,4;45,1
E02000504;Hillingdon 011;14,8;19,4;6,150094825;15,00547645;71,24288;5,4;3,3;17,2
E02000506;Hillingdon 013;15;36,7;6,351942713;15,78313253;70,37064;5,7;4;38,6
E02000507;Hillingdon 014;16,9;38,5;5,615006924;16,70973299;67,040375;9,7;9,7;34,6
E02000508;Hillingdon 015;12,4;35,6;5,204703833;11,95372751;68,188885;15,3;19,1;39
E02000509;Hillingdon 016;11,7;48,2;4,723607859;14,66030989;63,260025;22,3;22,9;28,1
E02000510;Hillingdon 017;18,7;40,6;7,331480195;16,58856607;66,749635;12,5;13,5;40,2
E02000511;Hillingdon 018;20,8;42,2;6,492679822;17,73818745;64,07157;12,5;14,9;32,9
E02000512;Hillingdon 019;24,3;48,6;7,724034496;18,70503597;60,81887;19,1;20,8;68,3
E02000513;Hillingdon 020;24,3;55,6;6,781737194;20,82191781;60,918025;22,4;26,9;44,3
E02000514;Hillingdon 021;21,1;49,8;6,323828921;22,10909091;62,64458;15,2;22,8;27,5
E02000515;Hillingdon 022;20,8;45,6;6,255388447;14,68584406;60,896705;23,6;26,8;47,7
E02000516;Hillingdon 023;17,7;45,3;5,949933487;18,38810642;62,532415;17,9;22,3;38,4
E02000517;Hillingdon 024;25,9;48,4;8,022258289;21,73584906;59,351085;20,3;21,5;53,1
E02000518;Hillingdon 025;26,9;50,7;8,3546363;19,9663016;59,2124;23;15,6;52,9
E02000519;Hillingdon 026;25,4;58;8,454608455;23,75102375;61,473875;20,6;23,5;53,3
E02000520;Hillingdon 027;23,4;53,7;7,02159808;21,76913425;60,18838;20,2;27;44,3
E02000521;Hillingdon 028;24,6;49,6;7,011702986;22,36929186;63,25983;21;25,1;46,4
E02000522;Hillingdon 029;22,8;50,4;7,142031665;18,00643087;65,32028;21,5;17,3;60,2
E02000523;Hillingdon 030;19,7;48,1;6,00871731;22,64833575;61,3021;15,1;26,7;28,1
E02000524;Hillingdon 031;21,6;52,5;6,333483416;16,18037135;65,218835;20,7;21,4;58,2
E02000525;Hillingdon 032;20,2;50,1;5,653750283;17,5257732;63,99728;18,8;28,6;43,8
E02006796;Hillingdon 033;19,6;39,6;6,328513866;13,06191688;64,56755;11,4;12;65,3
E02000526;Hounslow 001;7,6;41,3;3,986631654;16,96035242;69,9033;6,2;14;42,3
E02000528;Hounslow 003;19,8;53,2;7,75390993;16,11940299;63,452035;29;26,1;76,7
E02000529;Hounslow 004;18;52,3;7,03125;17,31418919;63,445405;18,8;26,2;66,4
E02000530;Hounslow 005;25,8;59,6;7,985958754;22,49269718;56,842315;26,9;32,6;62,3
E02000531;Hounslow 006;15,5;41,3;6,201025443;11,9544592;62,090005;18,8;22;74,6
E02000532;Hounslow 007;11,4;43,7;5,403930131;16,71018277;67,919115;13,2;12,3;50,1
E02000533;Hounslow 008;9,6;40,5;5,543659291;11,93016489;68,22096;11,1;13,9;40,2
E02000534;Hounslow 009;11,3;44,4;4,599701641;14,82233503;69,82333;10,6;18,2;60,1
E02000535;Hounslow 010;16,8;50,8;6,952965235;20,48085485;59,96971;14,9;21,7;42,3
E02000536;Hounslow 011;16,2;49,5;7,077354623;18,27411168;62,450025;16,4;22,6;51,7
E02000537;Hounslow 012;10,5;33,9;5,568445476;12,58603736;65,321005;10;20,9;35,7
E02000538;Hounslow 013;18,3;50,7;7,108294931;20,5908684;62,47286;15,5;26,7;26
E02000539;Hounslow 014;15,9;45,8;6,529017857;17,82518926;64,55245;16,5;20,8;84,3
E02000540;Hounslow 015;14,3;45,2;6,13238157;12,83185841;64,597165;13,9;25,1;82,6
E02000541;Hounslow 016;19,6;52,2;8,281690141;17,33944954;60,01516;20,1;28,5;81
E02000542;Hounslow 017;17,1;54;7,524478501;15,82014988;62,637135;15,9;34,5;42,6
E02000543;Hounslow 018;12,3;43,7;4,909075386;12,22432262;63,61094;12,5;37,9;57,6
E02000544;Hounslow 019;17,1;32,2;5,951945359;16,10087294;65,05188;7,3;13,7;54,5
E02000545;Hounslow 020;20,3;54,1;7,541865298;18,721038;61,566745;22,2;19,1;84,2
E02000546;Hounslow 021;16,3;57,8;6,358974359;20,04405286;62,083575;15,5;28,6;52
E02000547;Hounslow 022;24,7;48,6;7,329059829;14,89686784;61,30902;16;15,6;46,5
E02000548;Hounslow 023;25;49,6;7,645831045;19,3338749;62,930165;22,3;20,6;98,5
E02000549;Hounslow 024;24,8;43,2;7,524734501;16,53872994;63,24279;17,3;14,6;65,2
E02000550;Hounslow 025;22;49,3;5,421513025;17,76315789;61,18849;20,5;25,4;67,3
E02000551;Hounslow 026;26,6;53,8;7,418156489;20,63492063;59,015985;28;21,6;104,2
E02000552;Hounslow 027;19,6;46,6;4,63343818;14,08566722;65,34739;15,8;17,3;46,5
E02000553;Hounslow 028;24,5;47,4;6,67676003;16,83277962;64,517085;18,6;12,5;82,7
E02006792;Hounslow 029;9,2;45,2;5,790539735;13,69127517;68,295195;12,9;20,4;31,9
E02000598;Kingston upon Thames 001;10,7;27,7;4,325634809;14,8020654;71,511775;5,9;5,8;67,2
E02000599;Kingston upon Thames 002;10;41,5;5,22696011;19,64497041;74,03061;4,4;5;51,1
E02000600;Kingston upon Thames 003;9,4;46,2;4,547112462;15,91796875;65,66073;10,5;15,6;48,8
E02000601;Kingston upon Thames 004;9,3;36,9;4,044576809;12,44019139;70,22125;6,9;15,6;35
E02000602;Kingston upon Thames 005;15,2;54,3;6,027689031;13,22393822;62,622315;19,6;22,8;71,6
E02000603;Kingston upon Thames 006;18,7;44,8;6,564885496;18,58325667;61,58476;14,9;18;119,9
E02000604;Kingston upon Thames 007;12,4;35,8;5,019799674;14,39588689;68,63965;10,2;14;50,1
E02000605;Kingston upon Thames 008;14,8;30,7;6,524227394;15,15151515;69,18289;8,7;9,8;56,6
E02000606;Kingston upon Thames 009;6,7;42,3;3,80924112;8,95334174;67,3738;6;20,7;54
E02000607;Kingston upon Thames 010;8,8;33,3;3,924439889;14,72972973;71,58519;7;10,3;50,3
E02000608;Kingston upon Thames 011;7,4;40,2;4,59030459;7,518796992;65,40241;7,4;22,4;64,7
E02000609;Kingston upon Thames 012;16,7;43,7;6,561785666;17,67151767;70,085995;12,1;8,1;60
E02000610;Kingston upon Thames 013;11,6;43,3;7,130685542;10,3021978;66,23672;14,3;20,2;103,4
E02000611;Kingston upon Thames 014;13,5;25,4;5,237248735;16,72203765;70,98593;3,3;4,3;57,1
E02000612;Kingston upon Thames 015;15;26,5;5,842052815;13,94871795;70,590235;9,7;5;45,2
E02000613;Kingston upon Thames 016;14,3;40,6;6,338477235;10,5620155;68,32488;10,5;10,8;92,3
E02000614;Kingston upon Thames 017;18,4;33,8;5,24750119;14,63620981;65,481155;11,8;11,8;53,2
E02000615;Kingston upon Thames 018;19,5;32,5;5,983134788;15,88114754;66,88225;8,9;7,1;57,3
E02000616;Kingston upon Thames 019;19;30,9;4,427126513;13,81909548;67,478445;9,1;5,3;65,2
E02000617;Kingston upon Thames 020;21,1;43,7;6,501112803;15,10966694;64,09132;15,6;8,5;120,6
E02000689;Merton 001;7,1;44,2;3,584403003;14,61609621;68,4828;8,5;18,6;21,9
E02000690;Merton 002;8,2;49,2;5,869872702;20,36753446;72,96732;3,3;4,5;49,9
E02000691;Merton 003;7,6;36,1;4,417780202;17,27616646;68,12037;6,7;16,1;21,7
E02000692;Merton 004;6;35,7;4,045941008;13,59773371;72,300865;2,7;13,5;21,3
E02000693;Merton 005;10,3;33,3;4,273411098;9,635722679;65,743025;11,7;23,5;25,4
E02000694;Merton 006;11,1;38;4,925544101;11,41141141;66,43795;10,3;14,8;37,5
E02000695;Merton 007;16,2;39,7;5,587064076;18,38006231;62,527425;11,3;16,8;39
E02000696;Merton 008;16,5;37,6;5,004955401;14,16184971;61,202075;16,4;24,1;45,6
E02000697;Merton 009;6;40,9;3,334550323;10,93560146;69,519545;5,1;15,3;20,1
E02000698;Merton 010;7,5;38;4,785056295;16,50197628;71,344995;3,4;6,8;55,2
E02000699;Merton 011;8;25;3,537521134;13,0787037;68,72079;3,4;10,6;26,5
E02000700;Merton 012;19,3;42,7;6,139927624;16,19396157;59,93209;25,1;25,8;50,6
E02000701;Merton 013;20,4;42;6,095532319;17,6276771;62,962925;15,9;20,6;53,6
E02000702;Merton 014;21,5;39,3;7,213930348;16,92982456;59,66649;22,7;22;65,4
E02000703;Merton 015;12,1;34,3;4,958466454;17,59162304;71,03899;6,2;7,6;22,3
E02000704;Merton 016;14,7;40,1;6,432446396;11,30876747;65,761165;12,9;16,2;68,8
E02000705;Merton 017;18,9;30,2;6,573116691;20,30965392;63,42631;12,9;13,6;29,2
E02000706;Merton 018;24;42,8;6,961069146;18,81113619;60,149565;25,6;28,2;49,4
E02000707;Merton 019;22,2;41,6;6,29174459;22,70042194;62,055665;27,2;21,8;46,5
E02000708;Merton 020;13,4;39,2;4,380883418;13,88638413;69,585745;7,2;9,1;90
E02000709;Merton 021;16,6;31;5,830411635;16,55629139;70,045365;7,3;7,4;32,8
E02000710;Merton 022;24;38,3;8,992676192;16,71335201;62,93411;22,2;18,2;76,8
E02000711;Merton 023;22;45,6;7,21990684;17,76971895;64,270815;18,3;18,2;78,3
E02000712;Merton 024;24,1;45,7;8,313239178;17,32217573;61,29614;19,6;15,7;82,4
E02000713;Merton 025;21,8;29,9;5,754339119;14,3006263;68,44174;6,3;6,4;50,5
E02000751;Redbridge 001;15;26,3;6,774131645;16,31445478;72,219855;4,4;5,6;35,3
E02000752;Redbridge 002;31,2;50,5;11,92956713;18,47715736;58,809595;23,3;14;36,7
E02000753;Redbridge 003;26,4;48,1;9,758879114;17,34357849;61,196445;18,8;10,9;45,6
E02000754;Redbridge 004;18,9;47,1;6,708074534;14,75595914;64,401815;12;9,4;31
E02000755;Redbridge 005;21,1;39,1;7,167497125;11,75656985;66,135425;12,1;8,6;24,4
E02000756;Redbridge 006;21,2;48,7;7,315914489;15,33180778;63,80456;11,9;10,1;25,5
E02000757;Redbridge 007;12,3;39,5;5,375130254;13,13347609;67,095975;7,3;14,8;25,6
E02000758;Redbridge 008;23,1;44,5;8,147152696;20,66326531;64,56588;13,6;11,5;20,1
E02000759;Redbridge 009;15,9;39,4;5,16439721;15,97908193;65,465765;12,6;13,1;23,9
E02000760;Redbridge 010;23,6;52,6;8,236308754;15,97151577;62,54121;16,9;13,2;28,9
E02000762;Redbridge 012;17,2;39,7;7,360890302;19,12144703;63,77463;8,4;10,5;18,8
E02000763;Redbridge 013;19,6;42,8;7,375866051;20,54108216;62,51654;11,6;14,9;26,6
E02000764;Redbridge 014;14,9;34,8;7,91403287;12,16640502;66,753565;7,4;11,1;28,8
E02000765;Redbridge 015;17,2;42,3;6,915651211;19,6239718;61,902015;9;16;23,8
E02000767;Redbridge 017;19,6;43,1;7,878151261;18,77890842;63,27992;10,2;18,3;17,3
E02000768;Redbridge 018;13,8;25,2;5,600706714;15,39528433;69,838475;5,2;8,1;32,4
E02000769;Redbridge 019;18,5;49,7;6,726520306;19,14311759;62,623945;16;14,9;20,2
E02000770;Redbridge 020;17,6;43,7;6,492991272;25,94296228;62,16453;11,8;21,6;27,7
E02000772;Redbridge 022;18,3;57;7,148250692;21,95540309;61,74171;13,4;24,1;39,2
E02000773;Redbridge 023;17,3;50,6;5,359860839;23,10418143;62,45366;14,6;23,9;25,8
E02000774;Redbridge 024;18,5;63,7;6,705458576;23,64380757;61,14859;15,4;23,2;15,6
E02000776;Redbridge 026;16,2;54,9;6,669805399;25,02818489;61,651955;13;21,8;19,3
E02000777;Redbridge 027;16,4;35,6;7,190209077;15,05944518;64,04421;10,3;10,5;45,6
E02000779;Redbridge 029;16,9;53,2;6,437878983;15,4772141;61,77471;17,3;37,4;43,8
E02000780;Redbridge 030;18,6;64,9;6,286649393;27,04252269;60,322505;16,4;32,5;27,3
E02000781;Redbridge 031;20,5;42,9;7,021650088;26,2605042;63,853415;15,8;15,7;31,4
E02000782;Redbridge 032;19,8;66;7,062116482;26,55571635;58,80043;22,4;37,4;27,4
E02000783;Redbridge 033;20,5;67,6;7,649896623;27,71599658;58,19391;22,3;29,2;29,8
E02006800;Redbridge 034;18,1;52,7;6,473333843;24,10171365;60,516955;16,6;22,3;33,3
E02006924;Redbridge 035;17,6;46,8;7,316118936;22,14377407;63,275515;12,6;18,4;25,4
E02006925;Redbridge 036;17;40,8;6,827278906;22,04724409;64,81266;6,7;9,8;27,8
E02000784;Richmond upon Thames 001;9,1;42,1;4,903388679;19,18335901;71,89781;6,5;9,8;38,4
E02000785;Richmond upon Thames 002;5,8;34;3,981433729;13,15789474;72,9819;3,1;8,9;56,4
E02000786;Richmond upon Thames 003;9,8;39,1;4,240315047;13,55072464;70,20846;8,1;10,1;50,4
E02000787;Richmond upon Thames 004;11,6;43,9;4,894130758;14,24354244;68,064475;9,3;13,1;124,6
E02000788;Richmond upon Thames 005;7,6;29,9;3,819604234;14,15174766;70,65644;3,8;9,9;37,4
E02000789;Richmond upon Thames 006;8,8;33,9;4,664299548;15,83452211;72,557025;6,9;12,2;57,2
E02000790;Richmond upon Thames 007;5,4;29,4;2,405942193;13,3938706;73,658425;3,1;7,1;23
E02000791;Richmond upon Thames 008;5,1;31,2;3,56851882;11,32404181;73,743895;2,5;13,4;28,9
E02000792;Richmond upon Thames 009;6,4;37;4,750321934;15,64102564;71,80332;2,6;11,8;43,7
E02000793;Richmond upon Thames 010;16,8;39,4;6,032996799;14,63654224;64,91532;10,2;10,4;58,7
E02000794;Richmond upon Thames 011;10,4;31,8;4,554395521;14,03091558;69,10324;3,3;6,8;62,8
E02000795;Richmond upon Thames 012;9,3;35,5;4,928964917;21,16040956;71,112655;3,7;4,7;59,7
E02000796;Richmond upon Thames 013;20,4;47,6;6,758460196;17,00581395;65,589915;15,5;11,9;119,3
E02000797;Richmond upon Thames 014;6,4;35,9;2,994698381;8,8639201;70,05973;4,3;12,4;55,6
E02000798;Richmond upon Thames 015;13,4;27,7;5,243161094;11,78861789;67,22008;7,1;7,7;55,9
E02000799;Richmond upon Thames 016;6,2;32;3,351519875;15,63342318;70,28731;3,5;8;93,8
E02000800;Richmond upon Thames 017;17,3;44,6;6,674382716;16,20029455;66,755895;16;10,2;83
E02000801;Richmond upon Thames 018;7,9;25,9;3,026634383;11,62255466;73,39399;5;8,3;83,2
E02000802;Richmond upon Thames 019;11,4;23,9;6,032310657;13,23692992;70,084365;7,3;9,7;109,4
E02000803;Richmond upon Thames 020;17,6;40,8;7,222754874;13,21695761;63,843505;14,5;10,5;92,6
E02000804;Richmond upon Thames 021;8,4;26,8;5,291303124;14,23611111;69,58241;4,4;9,8;77,4
E02000805;Richmond upon Thames 022;10;43;5,244105273;14,46776612;68,86323;7,6;12,3;84,6
E02000806;Richmond upon Thames 023;12,5;39,1;5,88883325;11,28165771;68,86827;6,6;8,1;131,5
E02000840;Sutton 001;28,1;47,9;8,322114796;15,48242334;58,686985;25,3;17,6;96,9
E02000841;Sutton 002;27,5;48;7,361541108;16,90245719;59,682895;24,2;17,5;79,7
E02000842;Sutton 003;21,6;34,7;5,883120271;15,83756345;66,139325;7,9;6,4;85,3
E02000843;Sutton 004;18,5;42,1;5,096731154;14,02142162;65,080255;14,9;13,2;85,4
E02000844;Sutton 005;23,4;35,8;7,198868749;15,44571933;64,272005;16,3;9,6;97,1
E02000845;Sutton 006;15,9;34,2;4,387053118;11,34421134;66,265505;10;9,7;53,9
E02000846;Sutton 007;20,5;36,5;6,791436268;13,4595163;67,901095;9,5;6,6;55,9
E02000847;Sutton 008;19,2;32,4;6,490111389;13,43984962;71,901405;7,5;5,8;52,3
E02000848;Sutton 009;18,8;25,1;4,690074788;16,57559199;68,48522;6,4;5,7;70,8
E02000849;Sutton 010;17,4;42,5;6,012024048;14,84759095;63,652335;10,3;9,5;92
E02000850;Sutton 011;19,8;31;5,955960811;14,80169972;64,818175;9,9;7;58,9
E02000851;Sutton 012;21,5;53,3;7,947178872;11,79941003;59,669445;20;21,1;100,5
E02000852;Sutton 013;17;34;4,69464622;11,37055838;68,230885;8,4;9;63,6
E02000853;Sutton 014;17,7;37,5;5,439936776;11,88299817;68,070015;12,8;8,9;68,3
E02000854;Sutton 015;15,1;39,2;5,576679341;14,2384106;71,337575;10,5;7,9;72,2
E02000855;Sutton 016;13,6;29,5;5,290869398;13,94891945;72,22729;5,9;6,2;63,6
E02000856;Sutton 017;15;29,1;5,344911937;13,16831683;68,249355;8,2;12,9;99
E02000857;Sutton 018;13,8;40,6;7,539531942;8,05134189;66,196465;8,6;15,2;82,4
E02000858;Sutton 019;25,3;52,2;8,503445586;19,37602627;60,127375;27,3;16,7;119,3
E02000859;Sutton 020;18,2;43,7;8,401714636;14,87854251;66,81327;10,6;8,5;81
E02000860;Sutton 021;17,5;42,9;8,633851013;10,40935673;61,41548;15,9;18,4;70,3
E02000861;Sutton 022;11,2;25,3;4,481792717;16,68496158;70,946795;4,1;3,2;51,4
E02000863;Sutton 024;17,6;35,3;6,863514999;17,24137931;69,126325;10,4;4,4;61,8
E02006836;Sutton 025;12,8;25,7;6,045949214;15,1;74,30513;2,8;5;69,4
E02000895;Waltham Forest 001;29,1;46,1;9,098884572;17,70623742;62,752735;22,2;12,3;31,7
E02000896;Waltham Forest 002;19,9;39,6;7,317903336;13,17073171;67,40597;13,3;8,9;32,4
E02000897;Waltham Forest 003;29,3;49,3;9,756097561;17,59776536;61,5664;22,2;12,1;41
E02000898;Waltham Forest 004;26,3;48;9,329032258;14,96598639;64,632305;16,9;10,9;43,5
E02000899;Waltham Forest 005;25,2;36;7,676767677;14,4;63,41496;18,4;11,5;31,6
E02000900;Waltham Forest 006;26,3;49,5;8,135509397;20,12522361;60,708525;20,3;14,1;48,2
E02000901;Waltham Forest 007;18,4;35,7;6,925621599;15,56082148;64,085785;13,6;9;29,2
E02000902;Waltham Forest 008;22;46,9;6,171789576;20,92050209;62,00148;20,3;18,7;35,3
E02000903;Waltham Forest 009;26,3;55,4;8,636514431;24,4478294;57,99166;27,3;21,7;29,4
E02000904;Waltham Forest 010;18,6;47;5,73650948;18,12816189;61,22139;17,6;20,4;34,7
E02000905;Waltham Forest 011;19,7;47,7;6,371884451;19,1376702;64,1008;15,3;21,1;31,5
E02000906;Waltham Forest 012;20,7;48,3;6,012110727;20,29548989;61,189295;20,9;22;22,2
E02000907;Waltham Forest 013;24,7;53,8;7,76155231;25,94936709;59,746475;25;31,8;39,9
E02000908;Waltham Forest 014;18;45,1;5,819703309;15,98455598;57,81684;20,8;29,2;25,7
E02000909;Waltham Forest 015;16,8;42,4;6,087962963;15,42416452;63,63525;15,9;20,3;37,8
E02000910;Waltham Forest 016;17,3;51,7;6,748925033;16,76646707;60,286475;17,3;26,4;26,1
E02000911;Waltham Forest 017;19,4;49,7;6,162619573;19,30555556;59,889995;21,4;30,8;28
E02000912;Waltham Forest 018;23;46,6;7,599047413;25,71202532;57,658485;19,7;23,6;14,3
E02000913;Waltham Forest 019;19,4;48,8;7,064093728;23,51797862;61,07931;15,8;20,9;21,4
E02000914;Waltham Forest 020;23;56,5;8,127241835;25,67272727;58,978135;25;37,1;41,5
E02000915;Waltham Forest 021;16,6;45,3;6,548652088;16,48471616;60,61534;14;25,7;24,8
E02000916;Waltham Forest 022;21,7;45,7;5,608856089;18,58887381;62,70507;19,9;29,1;31,5
E02000917;Waltham Forest 023;16;34;4,666884745;19,1626409;60,719785;11,9;28,1;17,1
E02000918;Waltham Forest 024;16,8;49,5;6,245890861;17,60435572;61,269975;18,1;31,2;33,3
E02000919;Waltham Forest 025;16,9;45,8;5,736904891;18,9;60,006615;12,4;28,6;21,5
E02000920;Waltham Forest 026;18,8;51,5;6,857263424;21,02519548;55,92515;22,2;32,2;46
E02000921;Waltham Forest 027;20;55;7,062994273;24,28958051;55,48013;23,3;32,4;36,1
E02000922;Waltham Forest 028;18,3;41,3;5,920364915;20,03081664;57,866085;18,7;27,7;24,2
